Product Name,Price,Category
İtek Yeni Model Doğalgaz Gaz Alarm Cihazı Kaçak Dedektörü,500.74,alarm
1002-220V İkaz Kornası (Döküm),264.37,alarm
Doğan DPA 1293 25'lik Plastik Glop,329.9,bahce-ve-balkon
Doğan DPA 1292 20'lik Plastik Glop,140.0,bahce-ve-balkon
Momentum CRP 20-60/130 Devirdaim Pompası,2196.09,bahce-ve-balkon
Doğan DPA 1294 30'luk Plastik Glop,200.0,bahce-ve-balkon
Katlanır Kamp  Sandalyesi,419.89,bahce-ve-balkon
Plaj Şemsiyesi,374.06,bahce-ve-balkon
Bahçe Musluğu 1/2,159.99,bahce-ve-balkon
ÇÖP KOVASI 12LT PEDALLI STANDART PEMBE MTF83004,149.39,bahce-ve-balkon
Automix Termos Çanta 42 Lt,553.12,bahce-ve-balkon
Flora Sofline Papatya Mandal (10'LU),64.09,bahce-ve-balkon
RTRMAX RTM301 Hava Üfleme Makinesi 600W,2053.35,bahce-ve-balkon
Kıvırcık Paspaslar (Tüm Renkleri),359.9,bahce-ve-balkon
Suni Çim Halı 100cm Genişlik,242.9,bahce-ve-balkon
Suni Çim Halı 200 cm Genişlik,474.9,bahce-ve-balkon
Mangal Yelpazesi,29.9,bahce-ve-balkon
Mangal Kömürü 900Gr,74.9,bahce-ve-balkon
Doğan DPA 2113 Alüminyum Tavan Apliği,1104.99,bahce-ve-balkon
Momentum PKF75P Süs Havuzu Pompası,1745.87,bahce-ve-balkon
Momentum PKF35P Süs Havuzu Pompası,4111.25,bahce-ve-balkon
Momentum PQL 1100V Temiz Su PompasÄą,6279.0,bahce-ve-balkon
Momentum XBP 3500 Sintine Pompa,2524.02,bahce-ve-balkon
Momentum PKJ 1104P Plastik GĂśvdeli Jet Pompa,3087.29,bahce-ve-balkon
Su Hortumu 3/4'' Silikonlu 25Mt,1075.89,bahce-ve-balkon
Su Hortumu 3/4'' Silikonlu 50Mt,1799.88,bahce-ve-balkon
Su Hortumu 1/2'' Silikonlu 50Mt,981.1,bahce-ve-balkon
Su Hortumu 3/4'' Silikonlu 15Mt,645.54,bahce-ve-balkon
Momentum CRP 25-60/130 Devirdaim PompasÄą,3967.39,bahce-ve-balkon
Momentum Hidrofor Basınç Şalteri,471.39,bahce-ve-balkon
Su Hortumu 3/4'' Örgülü 15Mt,675.49,bahce-ve-balkon
Su Hortumu 3/4'' Örgülü 25Mt,1125.56,bahce-ve-balkon
Su Hortumu 3/4'' Örgülü 50Mt,2227.99,bahce-ve-balkon
Su Hortumu 1'' Silikonlu 50Mt,3227.65,bahce-ve-balkon
Su Hortumu 1/2'' Silikonlu 100Mt,2177.8,bahce-ve-balkon
Su Hortumu 1/2'' Silikonlu 25Mt,537.94,bahce-ve-balkon
Su Hortumu 1'' Örgülü 50Mt,3656.25,bahce-ve-balkon
Su Hortumu 1/2'' Örgülü 100Mt,1811.25,bahce-ve-balkon
Su Hortumu 1/2'' Örgülü 15Mt,302.74,bahce-ve-balkon
Su Hortumu 1/2'' Örgülü 20Mt,487.5,bahce-ve-balkon
Su Hortumu 1/2'' Örgülü 25Mt,609.38,bahce-ve-balkon
Su Hortumu 1/2'' Örgülü 50Mt,1218.75,bahce-ve-balkon
Su Hortumu 3/4'' Örgülü 100Mt,4502.25,bahce-ve-balkon
Hortum Kelepçesi 16x23 (2 Adet),29.9,bahce-ve-balkon
Yaparlar Kürek Plus,372.99,bahce-ve-balkon
Soba Küreği,86.9,bahce-ve-balkon
Kazma Çelik 2kg,310.26,bahce-ve-balkon
Kazma Sapı,104.0,bahce-ve-balkon
Çelik Balyoz 3 kg Düz,320.76,bahce-ve-balkon
Balyoz Sapı,66.99,bahce-ve-balkon
El Arabası Tekerlek Plastik,245.04,bahce-ve-balkon
Kürek Sapı,121.5,bahce-ve-balkon
Çelik Balyoz 7kg Düz,748.44,bahce-ve-balkon
Mineflo 200cm Tüm Renkler,534.9,bahce-ve-balkon
Açelya Banyo Dolabı 80 cm,5199.99,banyo
Duşakabin 90x90 Oval Çizgili,3444.99,banyo
Noya Klasik Banyo Takımı 65cm,3540.43,banyo
Banyo Seti Lüx 4 LÜ,715.0,banyo
Eca Serel Hela Taşı İçin Gömme Rezervuar - T020140,2649.6,banyo
Eca Delta Lavabo Bataryası - 102108686,5399.0,banyo
Duxxa Sürgülü Duş Setleri Shower Set,119.99,banyo
Çelik Ayna Süngerli Klozet Kapağı,163.71,banyo
Flora Mikrofiber Nemli Mop 40 Cm,60.84,banyo
Dökaç 500 Gr,40.5,banyo
Nkp Smart Yavaş Kapanan Klozet Kapağı,504.5,banyo
Asma Klozet Kare,2449.9,banyo
Flosoft Z Katlamalı Kağıt Havluluk 300,630.55,banyo
Flora Fanatik Camsil 20 Cm,14.71,banyo
Flosoft El Dezenfekte Aparatı,349.9,banyo
Flosoft Köpük Verici 350 Ml,136.79,banyo
Flosoft Sıvı Sabunluk 650Ml Krom,261.01,banyo
Flosoft Fotoselli Sıvı Sabunluk 800ml,1062.37,banyo
Tezgah Üstü Dekorlu Artistik Lavabo I107-S,2909.99,banyo
Tezgah Üstü Dekorlu Artistik Lavabo IH-262-21S,3089.9,banyo
Tezgah Üstü Dekorlu Artistik Lavabo IH-253S,4905.0,banyo
Çapaş Açık Tuvalet Kağıtlığı,56.9,banyo
Çapaş Dörtlü Askılık,70.9,banyo
Çapaş Kapaklı Kağıt Havluluk,84.9,banyo
Çapaş Kapaklı Tuvalet Kağıtlığı,69.9,banyo
Çapaş Yuvarlak Havluluk,63.96,banyo
Üso Armoni Mix Beyaz Banyo Bataryası,2889.54,banyo
Uso Armoni Siyah Mix Lavabo Bataryası,2131.38,banyo
Uso Saray Mix Banyo Bataryası,2425.16,banyo
Uso Saray Mix Lavabo Bataryası,2083.99,banyo
Elektrikli Şofben,1149.9,banyo
Nkp Gömme İç Takım 3/6 Asma Klozet Uyumlu,2799.0,banyo
Tepe Duş Seti Mena Siyah,1154.99,banyo
Pisuvar,1469.9,banyo
Vitra S50 Duvara Sıfır Klozet + Rezervuar,8929.99,banyo
Aksu Akdeniz Klozet Kapağı,164.89,banyo
Nkp Dolce Yavaş Kapanan Klozet Kapağı,1389.96,banyo
Nkp Genesis Yavaş Kapanan Klozet Kapağı,1132.56,banyo
Nkp Fiesta Yavaş Kapanan Klozet Kapağı,681.84,banyo
Donau Orkide Yavaş Kapanan Klozet Kapağı,449.9,banyo
Serel Basic Hygiene Asma Klozet,2699.0,banyo
Vitra S50 Asma Klozet,6899.99,banyo
Serel Hela Taşı,1994.9,banyo
Hela Taşı,1634.9,banyo
Lavabo Ayağı Tam,984.9,banyo
Nkp İnci Yavaş Kapanan Klozet Kapağı,576.58,banyo
Klozet Alttan Çıkışlı,1584.9,banyo
Klozet Arkadan Çıkışlı,1584.9,banyo
Açelya Banyo Dolabı 100 cm,6324.9,banyo
Eca Klozet İç Takımı Tek Kademeli,960.69,banyo
Mix Banyo Bataryası,749.9,banyo
Çapaş Uzun Havluluk,82.9,banyo
Nkp Gömme İç Takım 3/6 Hela Taşı Uyumlu,1234.99,banyo
Vitra Gömme İç Takım 3/6,4349.99,banyo
Eca Klozet İç Takımı Çift Kademeli,1143.68,banyo
Çapaş İkili Bornozluk,90.0,banyo
Çapaş Cam Etajer,75.0,banyo
Çapaş Fırçalık,97.5,banyo
Klozet Montaj Vidası,6.44,banyo
Lavabo Montaj Vidası,16.9,banyo
Çapaş Beşli Askılık,85.9,banyo
Çapaş Üçlü Askılık,60.9,banyo
Çapaş Açık Kağıt Havluluk,63.99,banyo
Eca Defne Lavabo Bataryası,5199.0,banyo
PANJURMEN MENFEZ 65x45,599.99,banyo
Duşakabin Tekerleği,49.9,banyo
Duşakabin Silikonu Akfix 310ml Şefaf 100D,159.67,banyo
Tekbir Uzun Musluk,262.58,banyo
Uzun Musluk,169.9,banyo
Tekbir Kısa Musluk,262.58,banyo
Kısa Musluk,169.9,banyo
Tekbir Çamaşır Musluğu,275.25,banyo
Çamaşır Musluğu,199.9,banyo
Mini Çamaşır Musluğu,105.9,banyo
Taharet Ara Musluk,94.9,banyo
Tekbir Mix Uzun Musluk,447.53,banyo
Uzatma 1/2 4 cm,37.44,banyo
Uzatma 1/2 5 cm,43.68,banyo
Siamp Basmalı İç Takım 22/93,534.9,banyo
Uzatma 1/2 1 cm,15.66,banyo
"Uzatma 1/2 1,5 cm",17.94,banyo
Uzatma 1/2 2 cm,19.99,banyo
"Uzatma 1/2 2,5 cm",25.5,banyo
Uzatma 1/2 3 cm,28.86,banyo
Banyo Beyaz Dekoratif Aspiratör 120’lik Plastik Seri,278.99,banyo
Banyo Beyaz Dekoratif Aspiratör 150’lik Plastik Seri,357.88,banyo
Banyo Beyaz Dekoratif Aspiratör 100'lük Plastik Seri,269.48,banyo
Musluk Aynası,3.99,banyo
Dekoratif Çubuk Taharet Musluğu,95.59,banyo
Oval Lavabo 28x36,734.9,banyo
Oval Lavabo 36x45,974.9,banyo
Eca Beta Çıkarılabilir ve Yavaş Kapanan Klozet Kapağı - 233BT00002,2516.09,banyo
Eca Serel Asma Klozet İçin Gömme Rezervuar - T020111,3450.0,banyo
Eca Zafir Banyo Bataryası - 102102461,3899.0,banyo
Eca Tiera Banyo Bataryası - 102102469,6899.0,banyo
Eca Pınar Banyo Bataryası - 102102266,3599.0,banyo
Eca Serel Smart Asma Klozet 52cm. - SM23OTS110AB,6878.24,banyo
Eca Pınar Uzun Musluk - 102109275,1418.16,banyo
Eca Pınar Kısa Musluk - 102109274,1215.46,banyo
Eca Tiera Lavabo Bataryası,4999.0,banyo
Eca Caro Lavabo Bataryası,3899.0,banyo
Eca Zafir Lavabo Bataryası - 102108950,3199.0,banyo
Eca Delta Lavabo Bataryası - 102108765,6549.0,banyo
Eca Zafir Yüksek Tip Lavabo Bataryası - 102108966,4899.0,banyo
"Eca Zafir Lavabo Bataryası, Kuğu Borulu - 102108961",3699.0,banyo
Eca Delta Banyo Bataryası - 102102346,6849.0,banyo
Tezgah Üstü Dekorlu Artistik Lavabo IH-262-20G,4410.0,banyo
Mikroline Aspiratör Beyaz,1649.89,beyaz-esya
Alveus MFA 604 Ankastre Fırın Beyaz - Siyah,3277.36,beyaz-esya
Alveus MFA 614 Ankastre Fırın,4103.15,beyaz-esya
Sinbo 7338 Cam Su Isıtıcı,300.0,beyaz-esya
Profilo FRTA1031 Ankastre Elekrtikli Fırın,10624.49,beyaz-esya
Profilo CMH140DTR Çamaşır Makinesi,26032.19,beyaz-esya
Profilo OO30P6B10D Siyah Camlı Dörtlü Set Üstü Ocak,8279.88,beyaz-esya
Profilo FRTA122J Ankastre Elektrikli Fırın,12070.38,beyaz-esya
Profilo FRGA103S Ankastre Elektrikli Fırın,11349.34,beyaz-esya
Profilo FRGA103I Ankastre Elektrikli Fırın,9258.29,beyaz-esya
Profilo FRGA103B Ankastre Elektrikli Fırın,11231.69,beyaz-esya
Profilo DF1024W2VV Dondurucu,11201.48,beyaz-esya
Profilo CMI122DTR Çamaşır Makinesi,23982.89,beyaz-esya
Profilo BM4380EG Bulaşık Makinesi,18214.49,beyaz-esya
Profilo DVE6G520 Yatay Camlı Beyaz Davlumbaz,9343.37,beyaz-esya
Profilo DVP6C460 Siyah Piramit Davlumbaz,5912.62,beyaz-esya
Profilo DVK6J660 Dokunmatik Siyah CamlÄḟ Davlumbaz,9732.73,beyaz-esya
Profilo KM8351CTR ÃamaÅÄḟr Kurutma Makinesi,23906.99,beyaz-esya
Profilo DVP6C420 Beyaz Piramit Davlumbaz,5912.62,beyaz-esya
Profilo 39PA200E 39 İnç 99 Ekran DVBS2 HD LED TV,8519.99,beyaz-esya
Profilo 32PA200E 32 İnç 82 Ekran DVBS2 HD LED TV,5829.85,beyaz-esya
Profilo PSP4U431 Toz Torbasız Süpürge,3694.68,beyaz-esya
Profilo BM4260EG Bulaşık Makinesi,20796.59,beyaz-esya
Profilo BMA5101EV Tam Ankastre Bulaşık Makinesi,15937.49,beyaz-esya
Kumtel İnox Davlumbaz,420.32,beyaz-esya
Kumtel Siyah Davlumbaz,420.32,beyaz-esya
Kumtel Beyaz A6 Fırın Ankastre,854.99,beyaz-esya
Profilo OB36P6B80D Dörtlü Siyah Ankastre Ocak,8397.6,beyaz-esya
Profilo OB30P5B80D Dörtlü İnox Set Üstü Ocak,6899.88,beyaz-esya
Profilo OB30P2B80D Dörtlü Beyaz Set Üstü Ocak,5159.69,beyaz-esya
Sinbo 3048 Cam Hazneli Doğrayıcı,899.9,beyaz-esya
Alveus Karbon Filtre (2 Adet),42.49,beyaz-esya
Vodaseal Tamir Dolgusu 200Gr,109.15,dekorasyon-ve-ev-gerecleri
END ERİYEN BANT (END-443)-2218,100.69,dekorasyon-ve-ev-gerecleri
End 56'' 3 Kanatlı Tavan Vantilatörü,2499.99,dekorasyon-ve-ev-gerecleri
Banyo Seti Lüx 4 LÜ,715.0,dekorasyon-ve-ev-gerecleri
İdeal Baby Çok Amaçlı Kilit,19.9,dekorasyon-ve-ev-gerecleri
İdeal Baby Köşe Koruyucu (Cam ve Raf),14.84,dekorasyon-ve-ev-gerecleri
İdeal Baby Köşe Koruyucu,14.83,dekorasyon-ve-ev-gerecleri
İdeal Baby Raylı Dolap Kilidi,14.84,dekorasyon-ve-ev-gerecleri
İdeal Baby Köşe Kilidi,14.84,dekorasyon-ve-ev-gerecleri
Derz Dolgu Tüpü Gri 250Gr,30.45,dekorasyon-ve-ev-gerecleri
Çam Ağac Dallı  Yılbaşı Kapı Süsü,169.0,dekorasyon-ve-ev-gerecleri
KapÄ± AltÄ± RĂĽzgar Ă–nleyici IsÄ± Tut YalÄ±tÄ±m KĂ¶pĂĽÄźĂĽ,23.0,dekorasyon-ve-ev-gerecleri
Dekoratif Duvar Paneli 1200x500x20mm,28.08,dekorasyon-ve-ev-gerecleri
Adilon KapÄ± DĂĽrbĂĽnĂĽ Ă‡elik KapÄ±,70.56,dekorasyon-ve-ev-gerecleri
Adilon Pvc Emniyet MandalÄ± Kilitli Beyaz,39.48,dekorasyon-ve-ev-gerecleri
Adilon Pvc Emniyet MandalÄ± DĂĽz Kahve,167.04,dekorasyon-ve-ev-gerecleri
F. 15cm YaylÄ± Tabak AskÄ± N:1,26.95,dekorasyon-ve-ev-gerecleri
Genel AmaĂ§lÄ± Kontak YapÄ±ĹźtÄ±rÄ±cÄ± (TĂĽp) 50ml,20.95,dekorasyon-ve-ev-gerecleri
Vodabond Boncuk Tutkal 165 Gr,79.02,dekorasyon-ve-ev-gerecleri
Mobilya Rutüş Kalemi Krem,30.45,dekorasyon-ve-ev-gerecleri
V-tech Epoksi 2K Şeffaf 20Gr,135.84,dekorasyon-ve-ev-gerecleri
"Vodaseal Kapı-Pencere Bandı Kahverengi 6,20m",114.68,dekorasyon-ve-ev-gerecleri
Vodaseal Kapı Altı Sızdırmazlık Bandı 40Mm X 110Cm Beyaz,36.02,dekorasyon-ve-ev-gerecleri
Vodaseal Resim Ve Çerçeve Asma Bandı 4 Lü Set,35.41,dekorasyon-ve-ev-gerecleri
"VODASEAL 53.01.073 Vhb Led Bant, 10mmx5mt, Şeffaf",24.34,dekorasyon-ve-ev-gerecleri
Vodaseal Duct Tape - Tamir Bandı 50Mm X 50M Siyah,113.72,dekorasyon-ve-ev-gerecleri
Koli Bandı Şefaf 45MMx100MT,39.9,dekorasyon-ve-ev-gerecleri
Perilla 3+3 Çift Çıkışlı Alüminyum Merdiven,1577.82,dekorasyon-ve-ev-gerecleri
Perilla 3+1 GI200 Merdiven,885.9,dekorasyon-ve-ev-gerecleri
Perilla 4+1 GI200 Merdiven,1030.43,dekorasyon-ve-ev-gerecleri
Perilla 5+1 GI200 Merdiven,1186.33,dekorasyon-ve-ev-gerecleri
Perilla 6+1 GI200 Merdiven,1199.97,dekorasyon-ve-ev-gerecleri
Perilla 7+1 GI200 Merdiven,1252.7,dekorasyon-ve-ev-gerecleri
Yıltem 3 Basamaklı Merdiven,1090.13,dekorasyon-ve-ev-gerecleri
Yıltem 4 Basamaklı Merdiven,1467.18,dekorasyon-ve-ev-gerecleri
Perilla 5+5 Çift Çıkışlı Alüminyum Merdiven,2630.47,dekorasyon-ve-ev-gerecleri
Perilla 4+4 Çift Çıkışlı Alüminyum Merdiven,2103.76,dekorasyon-ve-ev-gerecleri
Stropiyer Tüm Düz Çeşitleri,50.7,dekorasyon-ve-ev-gerecleri
Stropiyer Tüm Desenli Çeşitleri,71.9,dekorasyon-ve-ev-gerecleri
Stropiyer Perdelik,42.73,dekorasyon-ve-ev-gerecleri
As-Coat CMC Duvar Kağıdı Yapıştırıcısı 250gr,79.99,dekorasyon-ve-ev-gerecleri
As-Coat CMC Duvar Kağıdı Yapıştırıcısı 500gr,124.9,dekorasyon-ve-ev-gerecleri
As-Coat CMC Duvar Kağıdı Yapıştırıcısı 1000gr,194.9,dekorasyon-ve-ev-gerecleri
Doğalgaz Havalandırma Cam Menfez,39.9,dekorasyon-ve-ev-gerecleri
Korniş 4 Oluklu Perde Rayı 4 m,245.46,dekorasyon-ve-ev-gerecleri
Korniş 4 Oluklu Perde Rayı 4.25 m,260.8,dekorasyon-ve-ev-gerecleri
Korniş 4 Oluklu Perde Rayı 4.5 m,276.14,dekorasyon-ve-ev-gerecleri
Korniş 4 Oluklu Perde Rayı 4.75 m,291.48,dekorasyon-ve-ev-gerecleri
Korniş 4 Oluklu Perde Rayı 5 m,306.82,dekorasyon-ve-ev-gerecleri
Korniş 4 Oluklu Perde Rayı 5.25 m,322.17,dekorasyon-ve-ev-gerecleri
Korniş 4 Oluklu Perde Rayı 5.5 m,337.5,dekorasyon-ve-ev-gerecleri
Korniş 4 Oluklu Perde Rayı 6 m,368.18,dekorasyon-ve-ev-gerecleri
Altın Oval Saray Tavan Göbeği 90cm (DO90-A1),1199.42,dekorasyon-ve-ev-gerecleri
Korniş 4 Oluklu Perde Rayı 2 m,122.73,dekorasyon-ve-ev-gerecleri
Korniş 4 Oluklu Perde Rayı 2.25 m,138.07,dekorasyon-ve-ev-gerecleri
Korniş 4 Oluklu Perde Rayı 2.5 m,153.41,dekorasyon-ve-ev-gerecleri
Korniş 4 Oluklu Perde Rayı 2.75 m,168.76,dekorasyon-ve-ev-gerecleri
Korniş 4 Oluklu Perde Rayı 3 m,184.09,dekorasyon-ve-ev-gerecleri
Korniş 4 Oluklu Perde Rayı 3.25 m,199.44,dekorasyon-ve-ev-gerecleri
Korniş 4 Oluklu Perde Rayı 3.50 m,214.77,dekorasyon-ve-ev-gerecleri
Korniş 4 Oluklu Perde Rayı 3.75 m,230.12,dekorasyon-ve-ev-gerecleri
Korniş 3 Oluklu Perde Rayı 4.75 m,190.1,dekorasyon-ve-ev-gerecleri
Korniş 3 Oluklu Perde Rayı 3.75 m,150.08,dekorasyon-ve-ev-gerecleri
Korniş 3 Oluklu Perde Rayı 4 m,160.08,dekorasyon-ve-ev-gerecleri
Korniş 3 Oluklu Perde Rayı 4.25 m,170.09,dekorasyon-ve-ev-gerecleri
Korniş 3 Oluklu Perde Rayı 4.5 m,180.09,dekorasyon-ve-ev-gerecleri
Korniş 3 Oluklu Perde Rayı 5 m,200.1,dekorasyon-ve-ev-gerecleri
Korniş 3 Oluklu Perde Rayı 5.25 m,210.11,dekorasyon-ve-ev-gerecleri
Korniş 3 Oluklu Perde Rayı 5.5 m,220.11,dekorasyon-ve-ev-gerecleri
Korniş 3 Oluklu Perde Rayı 5.75 m,230.12,dekorasyon-ve-ev-gerecleri
Korniş 3 Oluklu Perde Rayı 6 m,240.12,dekorasyon-ve-ev-gerecleri
Korniş 3 Oluklu Perde Rayı 2 m,80.04,dekorasyon-ve-ev-gerecleri
Korniş 3 Oluklu Perde Rayı 3.5 m,140.07,dekorasyon-ve-ev-gerecleri
Korniş 3 Oluklu Perde Rayı 2.25 m,90.05,dekorasyon-ve-ev-gerecleri
Korniş 3 Oluklu Perde Rayı 2.5 m,100.05,dekorasyon-ve-ev-gerecleri
Korniş 3 Oluklu Perde Rayı 2.75 m,110.06,dekorasyon-ve-ev-gerecleri
Korniş 3 Oluklu Perde Rayı 3.25 m,130.07,dekorasyon-ve-ev-gerecleri
Korniş 3 Oluklu Perde Rayı 3 m,120.06,dekorasyon-ve-ev-gerecleri
Maskeleme Bant 4cm x 25mt (48 MM ),27.9,dekorasyon-ve-ev-gerecleri
Maskeleme Bant 3cm x 25mt (36 MM ),14.9,dekorasyon-ve-ev-gerecleri
AlĂźminyum Bant 48mm x 10m,29.99,dekorasyon-ve-ev-gerecleri
Ding Dong Zil Çise,85.32,elektrik-ve-aydinlatma
3'lü Priz-3'lü usb Akım Korumalı Anahtar,430.08,elektrik-ve-aydinlatma
Pasta Sarkıt Avize,234.9,elektrik-ve-aydinlatma
"Sac Tava 40x40 L Profil 1Boy/2,5mt",149.9,elektrik-ve-aydinlatma
Estel 2x2x0.80 Yangın İhbar Kablosu (100 mt ),869.4,elektrik-ve-aydinlatma
Nead Murat Sıva Üstü Anahtar + Topraklı Priz,101.53,elektrik-ve-aydinlatma
Yatay Bant Armatör 60 cm Günışığı 2'Lİ,109.89,elektrik-ve-aydinlatma
Yatay Bant Armatür 60 cm Beyaz Işık 2 'Lİ,109.89,elektrik-ve-aydinlatma
Yatay Bant Armatör 120 cm Beyaz Işık 2' Li,209.9,elektrik-ve-aydinlatma
ÖZPA ÖZ1308 45w Otomat + Pako Yeri Sıva Altı Sayaç Panosu,2566.8,elektrik-ve-aydinlatma
Makel Elektronik Trifaze Sayaç,1599.0,elektrik-ve-aydinlatma
Buat Kapağı Bombeli Beyaz,2.49,elektrik-ve-aydinlatma
Susta Telli Plastik 10 Mt,103.5,elektrik-ve-aydinlatma
Susta Telli Plastik 15 Mt,155.25,elektrik-ve-aydinlatma
Susta  Telli Plastik 25 Mt,258.75,elektrik-ve-aydinlatma
Susta Telli Plastik 20 Mt,207.0,elektrik-ve-aydinlatma
MAKEL 4*25 K OTOMAT NĂTĂR KESÄ°CÄ°,287.19,elektrik-ve-aydinlatma
Led Panel Spot 3W SÄąva AltÄą Yuvarlak GĂźnÄąĹÄąÄÄą,30.42,elektrik-ve-aydinlatma
Led Panel Spot 6W SÄąva AltÄą Yuvarlak Beyaz IĹÄąk,37.95,elektrik-ve-aydinlatma
Led Panel Spot 6W SÄąva AltÄą Yuvarlak GĂźnÄąĹÄąÄÄą,75.9,elektrik-ve-aydinlatma
Led Panel Spot 18W SÄąva ĂstĂź Kare Beyaz IĹÄąk,109.99,elektrik-ve-aydinlatma
Led Panel Spot 24W SÄąva ĂstĂź Kare Beyaz IĹÄąk,155.9,elektrik-ve-aydinlatma
K2 KDL432 Led Panel Spot 22W SÄąva ĂstĂź Kare Beyaz,151.23,elektrik-ve-aydinlatma
K2 KDL422 Led Panel Spot 22W SÄąva ĂstĂź Beyaz,126.02,elektrik-ve-aydinlatma
K2 KDL423 Led Panel Spot 26W SÄąva ĂstĂź Beyaz,407.15,elektrik-ve-aydinlatma
Ăztel DT8 Diafon Kablosu,607.2,elektrik-ve-aydinlatma
"AUDÄ°O GĂRĂNTĂLĂ 4,3 Ä°NĂ 001180",2118.99,elektrik-ve-aydinlatma
WALLWASHER 50 CM  KIRMIZI,851.53,elektrik-ve-aydinlatma
WALLWASHER 50 CM RGB,1225.37,elektrik-ve-aydinlatma
WALLWASHER 50 CM LED GÜN IŞIK,851.53,elektrik-ve-aydinlatma
CATA SİNEKLİK ARMATÖR 2*20,1074.99,elektrik-ve-aydinlatma
CATA 2X8 SİNEK ARMATÜR,769.99,elektrik-ve-aydinlatma
Makel Karea Beyaz Komitatör,43.82,elektrik-ve-aydinlatma
Estel RG6/U4 Koaksiyel Tv Kablosu,579.9,elektrik-ve-aydinlatma
Çift Yönlü Acil Yönlendirme Armatürü Exıt Çıkış Yukarı,198.28,elektrik-ve-aydinlatma
Siemens Kaçak Akım Rölesi 3x80 30mA,5141.51,elektrik-ve-aydinlatma
Susta Çelik 20 Mt,324.0,elektrik-ve-aydinlatma
3 Ăipli 60 Ledli Ä°Ă§ Mekan Ĺerit Led YeĹil 5mt,159.9,elektrik-ve-aydinlatma
Siemens KontaktĂśr 3TF40-22,472.5,elektrik-ve-aydinlatma
Nead Aras Beyaz Vavien,53.96,elektrik-ve-aydinlatma
Makel 1x20A Otomatik Sigorta,82.8,elektrik-ve-aydinlatma
Esem 1x10A Otomatik Sigorta,76.5,elektrik-ve-aydinlatma
Makel Karea Beyaz Tekli ĂerĂ§eve,7.19,elektrik-ve-aydinlatma
Erse YSYL-JZ 12x1 Kumanda Kablosu,130.46,elektrik-ve-aydinlatma
Erse YSYL-JZ 7x1 Kumanda Kablosu,59.9,elektrik-ve-aydinlatma
Erse LIYCY 2x1.5 Sinyal ve Kontrol Kablosu (500m),56.84,elektrik-ve-aydinlatma
Makel Karea Beyaz ĂĂ§lĂź ĂerĂ§eve,30.7,elektrik-ve-aydinlatma
Ăznur 5x6 TTR (H05VV-F) Kablo,28255.5,elektrik-ve-aydinlatma
Ăznur 5x2.5 TTR (H05VV-F) Kablo,11574.75,elektrik-ve-aydinlatma
Ăznur 5x1.5 TTR (H05VV-F) Kablo,7155.3,elektrik-ve-aydinlatma
Ăznur 4x6 TTR (H05VV-F) Kablo,21617.7,elektrik-ve-aydinlatma
Ăznur 4x4 TTR (H05VV-F) Kablo,13704.5,elektrik-ve-aydinlatma
Öznur 4x2.5 TTR (H05VV-F) Kablo,9355.71,elektrik-ve-aydinlatma
Öznur 4x1.5 TTR (H05VV-F) Kablo,5821.53,elektrik-ve-aydinlatma
Öznur 3x2.5 TTR (H05VV-F) Kablo,7149.0,elektrik-ve-aydinlatma
"Öznur 3x1,5 TTR (H05VV-F) Kablo",4449.0,elektrik-ve-aydinlatma
Öznur 3x1 TTR (H05VV-F) Kablo,3038.9,elektrik-ve-aydinlatma
Öznur 3x0.75 TTR (H05VV-F) Kablo,2628.21,elektrik-ve-aydinlatma
Öznur 2x2.5 TTR (H05VV-F) Kablo,5184.66,elektrik-ve-aydinlatma
Öznur 2x1.5 TTR (H05VV-F) Kablo,3256.11,elektrik-ve-aydinlatma
Öznur 2x1 TTR (H05VV-F) Kablo,2350.14,elektrik-ve-aydinlatma
Öznur 2x0.75 TTR (H05VV-F) Kablo,1901.64,elektrik-ve-aydinlatma
Öznur 5x6 NYM (NVV) Kablo,26506.35,elektrik-ve-aydinlatma
Öznur 5x4 NYM (NVV) Kablo,18442.32,elektrik-ve-aydinlatma
Öznur 5x1.5 NYM (NVV) Kablo,7687.29,elektrik-ve-aydinlatma
Öznur 4x6 NYM (NVV) Kablo,20873.19,elektrik-ve-aydinlatma
Öznur 4x4 NYM (NVV) Kablo,14217.45,elektrik-ve-aydinlatma
Öznur 4x2.5 NYM (NVV) Kablo,9239.1,elektrik-ve-aydinlatma
Öznur 4x10 NYM (NVV) Kablo,36373.35,elektrik-ve-aydinlatma
Öznur 4x1.5 NYM (NVV) Kablo,5956.08,elektrik-ve-aydinlatma
Öznur 3x6 NYM (NVV) Kablo,16280.55,elektrik-ve-aydinlatma
Öznur 3x4 NYM (NVV) Kablo,11015.16,elektrik-ve-aydinlatma
Öznur 3x2.5 NYM (NVV) Kablo,7104.24,elektrik-ve-aydinlatma
Öznur 3x1.5 NYM (NVV) Kablo,4637.49,elektrik-ve-aydinlatma
Öznur 2x6 NYM (NVV) Kablo,11167.65,elektrik-ve-aydinlatma
Öznur 2x4 NYM (NVV) Kablo,7893.6,elektrik-ve-aydinlatma
Öznur 2x2.5 NYM (NVV) Kablo,5202.6,elektrik-ve-aydinlatma
Öznur 2x1.5 NYM (NVV) Kablo,3381.69,elektrik-ve-aydinlatma
Öznur 6 mm NYA Kablo (100m),4460.16,elektrik-ve-aydinlatma
Öznur 4 mm NYA Kablo (100m),3284.4,elektrik-ve-aydinlatma
Öznur 2.5 mm NYA Kablo (100m),2049.0,elektrik-ve-aydinlatma
Öztürk 3'lü Yön Avize,766.03,elektrik-ve-aydinlatma
Viko Topraklı Erkek Fiş,42.88,elektrik-ve-aydinlatma
Viko Topraklı Dişi Fiş,43.1,elektrik-ve-aydinlatma
Viko Mimoza Erkek Fiş,30.6,elektrik-ve-aydinlatma
Viko Karre Beyaz Vavien,61.57,elektrik-ve-aydinlatma
Viko Karre Beyaz Üçlü Çerçeve,35.44,elektrik-ve-aydinlatma
Viko Karre Beyaz Üçlü Anahtar,71.55,elektrik-ve-aydinlatma
Viko Karre Beyaz Tv Prizi,89.86,elektrik-ve-aydinlatma
Viko Karre Beyaz Topraklı Priz,62.82,elektrik-ve-aydinlatma
Viko Karre Beyaz Tekli Çerçeve,6.24,elektrik-ve-aydinlatma
Viko Karre Beyaz Numeris Cat3,59.91,elektrik-ve-aydinlatma
Viko Karre Beyaz Light Anahtar,51.17,elektrik-ve-aydinlatma
Viko Karre Beyaz Komitatör,60.74,elektrik-ve-aydinlatma
Viko Karre Beyaz Kapaklı Topraklı Priz,86.95,elektrik-ve-aydinlatma
Viko Karre Beyaz F Konnektör Uydu Prizi TV,113.99,elektrik-ve-aydinlatma
Viko Karre Beyaz Dimmer,323.24,elektrik-ve-aydinlatma
Viko Karre Beyaz Anahtar,49.09,elektrik-ve-aydinlatma
Viko Kaçak Akım Rolesi 3x40 300 mA,855.92,elektrik-ve-aydinlatma
Viko Kaçak Akım Rolesi 3x40 30 mA,855.92,elektrik-ve-aydinlatma
Viko Kaçak Akım Rolesi 1x40 300 mA,634.34,elektrik-ve-aydinlatma
Viko Kaçak Akım Rölesi 1x40 30 mA,634.34,elektrik-ve-aydinlatma
Viko Beyaz 3'lü Topraklı 5m Uzatmalı Grup Priz,418.25,elektrik-ve-aydinlatma
Viko Bakalit Ara Puar,69.36,elektrik-ve-aydinlatma
Viko 80A Kompakt Tip Termik Manyetik Güç Şalteri,1826.51,elektrik-ve-aydinlatma
Viko 63A Kompakt Tip Termik Manyetik Güç Şalteri,1655.29,elektrik-ve-aydinlatma
Öznur 1.5 mm NYA Kablo (100m),1249.0,elektrik-ve-aydinlatma
Viko 6'lı Kablosuz Grup Priz Klemensli,248.31,elektrik-ve-aydinlatma
Viko 6'lı Kablosuz Anahtarlı Grup Priz Klemensli,325.07,elektrik-ve-aydinlatma
Viko 50A Kompakt Tip Termik Manyetik Güç Şalteri,1655.29,elektrik-ve-aydinlatma
Viko 4'lü Kablosuz Grup Priz Klemensli,163.07,elektrik-ve-aydinlatma
Viko 4'lü Kablosuz Anahtarlı Grup Priz Klemensli,266.84,elektrik-ve-aydinlatma
Viko 3x63 Otomatik Sigorta,345.48,elektrik-ve-aydinlatma
Viko 3X40A Otomatik Sigorta,311.51,elektrik-ve-aydinlatma
Viko 3X32A Otomatik Sigorta,276.39,elektrik-ve-aydinlatma
Viko 3X25A Otomatik Sigorta,264.43,elektrik-ve-aydinlatma
Viko 3x20A Otomatik Sigorta,264.43,elektrik-ve-aydinlatma
Viko 3x125A Otomatik Sigorta,1309.8,elektrik-ve-aydinlatma
Viko 3x100 Otomatik Sigorta,1089.41,elektrik-ve-aydinlatma
Viko 3'lü Kablosuz Grup Priz Klemensli,125.48,elektrik-ve-aydinlatma
Viko 3'lü 3 Metre Kablolu Grup Priz,327.19,elektrik-ve-aydinlatma
Viko 250A Kompakt Tip Termik Manyetik Güç Şalteri,3880.05,elektrik-ve-aydinlatma
Viko 2'li Kablosuz Anahtarlı Grup Priz Klemensli,204.36,elektrik-ve-aydinlatma
Viko 1x6A Otomatik Sigorta,88.08,elektrik-ve-aydinlatma
Viko 1x4A Otomatik Sigorta,103.08,elektrik-ve-aydinlatma
Viko 1x40A Otomatik Sigorta,92.05,elektrik-ve-aydinlatma
Viko 1x2A Otomatik Sigorta,103.08,elektrik-ve-aydinlatma
Viko 1x25A Otomatik Sigorta,72.04,elektrik-ve-aydinlatma
Viko 1x16A Otomatik Sigorta,72.04,elektrik-ve-aydinlatma
Viko 1x10A Otomatik Sigorta,72.04,elektrik-ve-aydinlatma
Viko 160A Kompakt Tip Termik Manyetik Güç Şalteri,2724.01,elektrik-ve-aydinlatma
Viko 125A Kompakt Tip Termik Manyetik Güç Şalteri,1826.51,elektrik-ve-aydinlatma
Viko 100A Kompakt Tip Termik Manyetik Güç Şalteri,1826.51,elektrik-ve-aydinlatma
Viko 1x32A Otomatik Sigorta,87.32,elektrik-ve-aydinlatma
Viko 1x20A Otomatik Sigorta,39.9,elektrik-ve-aydinlatma
Esem 3x63A Otomatik Sigorta,361.75,elektrik-ve-aydinlatma
Audio12'li HP'li Çift Sıra Zil Paneli,3259.01,elektrik-ve-aydinlatma
NOAS UV Antibakteriel Armatür,511.42,elektrik-ve-aydinlatma
K2 KT287A Priz Tip Mekanik Zaman Saati,145.41,elektrik-ve-aydinlatma
Kel-278L 60 Ledli Işıldak Beyaz,362.56,elektrik-ve-aydinlatma
UT105 Dijital Çok Fonksiyonlu Multimetre,2901.87,elektrik-ve-aydinlatma
Unit UT 200A AC Pensampermetre,979.96,elektrik-ve-aydinlatma
Unı-T Ut 120A Cep Tipi Digital Multımetre,890.31,elektrik-ve-aydinlatma
UnÄą-T Ut 33C+ Dijital Multimetre ÃlÃ§Ãž Aleti,653.31,elektrik-ve-aydinlatma
Voltaj Test ÃlÃ§Ãž Aleti UT15C UT-15C,1929.0,elektrik-ve-aydinlatma
Oktay 400-1 - 30 'Luk  Led Tavan  Beyaz,358.33,elektrik-ve-aydinlatma
Led panel 60x60 SÄąva AltÄą 40w-48w Beyaz IÅÄąk,269.9,elektrik-ve-aydinlatma
3 Ãipli 60 Ledli DÄąÅ Mekan Åerit KÄąrmÄązÄą 5mt,199.75,elektrik-ve-aydinlatma
Ekin Kafesli ArmatÃžr,63.0,elektrik-ve-aydinlatma
Makel Karea Beyaz Vavien,40.05,elektrik-ve-aydinlatma
Nead Aras Beyaz Yatay Dörtlü Çerçeve,19.04,elektrik-ve-aydinlatma
Nead Aras Beyaz Yatay İkili Çerçeve,8.73,elektrik-ve-aydinlatma
Nead Aras Beyaz Yatay Beşli Çerçeve,20.24,elektrik-ve-aydinlatma
Nead Aras Beyaz Yatay Üçlü Çerçeve,13.49,elektrik-ve-aydinlatma
Nead Aras Füme  Üçlü Anahtar,83.71,elektrik-ve-aydinlatma
Nead Aras Beyaz  Üçlü Anahtar,60.71,elektrik-ve-aydinlatma
Nead  Aras Beyaz Uydu Prizi Eko,47.61,elektrik-ve-aydinlatma
Çift Yönlü Acil Yönlendirme Armatürü Bay WC,198.28,elektrik-ve-aydinlatma
İzole Bant,15.9,elektrik-ve-aydinlatma
Oktay Adel 5'li Sarkıt Avize,4056.0,elektrik-ve-aydinlatma
Oktay Yakamoz 3'lü Avize,481.22,elektrik-ve-aydinlatma
Oktay Roma Tekli Sarkıt Avize Siyah,427.68,elektrik-ve-aydinlatma
Oktay Roma Tekli Sarkıt Avize Beyaz,427.68,elektrik-ve-aydinlatma
K2 6W 2700K E27 Flamanlı Rustik Ampul,67.86,elektrik-ve-aydinlatma
K2 6W 2700K E27 Flamanlı Rustik Ampul,116.33,elektrik-ve-aydinlatma
K2 T5 Ledli Floresan 4W 30cm Beyaz,63.98,elektrik-ve-aydinlatma
K2 T5 Ledli Floresan 9W 60cm Beyaz,91.12,elektrik-ve-aydinlatma
K2 T5 Ledli Floresan 9W 60cm Gün Işığı,91.12,elektrik-ve-aydinlatma
K2 T5 Ledli Floresan 14W 90cm Beyaz,67.27,elektrik-ve-aydinlatma
K2 T5 Ledli Floresan 18W 120cm Beyaz,142.5,elektrik-ve-aydinlatma
Kablo Kanalı Yapışkanlı 40x25 2 Mt,41.19,elektrik-ve-aydinlatma
Kablo Kanalı Yapışkanlı 40x16 2 Mt,39.04,elektrik-ve-aydinlatma
Kablo Kanalı Yapışkanlı 25x25 2Mt,30.71,elektrik-ve-aydinlatma
Kablo Kanalı Yapışkanlı 25x16 2Mt,23.92,elektrik-ve-aydinlatma
Kablo Kanalı Yapışkanlı 16x16 2Mt,17.69,elektrik-ve-aydinlatma
Kablo Kanalı Yapışkanlı 12x12  2 Mt,14.49,elektrik-ve-aydinlatma
Kablo Kanalı Yapışkanlı 40x40 2 Mt,55.08,elektrik-ve-aydinlatma
K2 7W 6500K E27 Şarjlı Led Ampul,116.33,elektrik-ve-aydinlatma
K2 KLD200B 16.7A Led Şerit Trafosu,215.21,elektrik-ve-aydinlatma
K2 KLD250 21A Led Şerit Trafosu,244.29,elektrik-ve-aydinlatma
K2 KLD120B 10.1A Led Şerit Trafosu,143.86,elektrik-ve-aydinlatma
K2 KLD360B 30A Led Şerit Trafosu,273.37,elektrik-ve-aydinlatma
Ray Klemensi 4mm,10.37,elektrik-ve-aydinlatma
Ray Klemensi 6mm,16.71,elektrik-ve-aydinlatma
Ray Klemensi 10mm,24.27,elektrik-ve-aydinlatma
Ray Klemensi 16mm,31.65,elektrik-ve-aydinlatma
Mutlusan 25x16 Yapışkanlı Kablo Kanalı Ceviz,76.89,elektrik-ve-aydinlatma
Mutlusan 25x25 Yapışkanlı Kablo Kanalı Ceviz,80.19,elektrik-ve-aydinlatma
Mutlusan 40x40 Kablo Kanalı Eko,65.89,elektrik-ve-aydinlatma
Mutlusan 60x40 Kablo Kanalı Eko,99.34,elektrik-ve-aydinlatma
Mutlusan 60x60 Kablo Kanalı Eko,104.24,elektrik-ve-aydinlatma
Mutlusan 100x40 Kablo Kanalı Eko,119.94,elektrik-ve-aydinlatma
Mutlusan 100x50 Kablo Kanalı Eko,220.33,elektrik-ve-aydinlatma
Mutlusan 100x60 Kablo Kanalı Eko,149.94,elektrik-ve-aydinlatma
Ray Klemensi 2.5mm,7.9,elektrik-ve-aydinlatma
Mutlusan 12x12 Yapışkanlı Kablo Kanalı Ceviz,61.49,elektrik-ve-aydinlatma
Kare Buşon 100 Amper,109.9,elektrik-ve-aydinlatma
Led Panel Spot 15W Sıva Altı Yuvarlak Günışığı,118.42,elektrik-ve-aydinlatma
Led Panel Spot 18W Sıva Altı Yuvarlak Beyaz Işık,66.83,elektrik-ve-aydinlatma
Led Panel Spot 3W Sıva Altı Yuvarlak Beyaz Işık,30.42,elektrik-ve-aydinlatma
Led Panel Spot 12W Sıva Altı Yuvarlak Beyaz Işık,53.13,elektrik-ve-aydinlatma
Led Panel Spot 9W Sıva Altı Yuvarlak Beyaz Işık,45.54,elektrik-ve-aydinlatma
Led Panel Spot 15W Sıva Altı Yuvarlak Beyaz Işık,59.2,elektrik-ve-aydinlatma
Sac Tava Kanal 200/40,406.44,elektrik-ve-aydinlatma
Sac Tava Kanal 50/40,159.9,elektrik-ve-aydinlatma
Sac Tava Kanal 70/40,174.9,elektrik-ve-aydinlatma
Konuşan Zil,18.29,elektrik-ve-aydinlatma
Zil Trafosu 15V Çise,220.15,elektrik-ve-aydinlatma
Audio Bus Plus Görüntülü Video Dağıtıcı,450.98,elektrik-ve-aydinlatma
Audio Bus Plus Görüntülü Video Yükseltici,933.43,elektrik-ve-aydinlatma
Audio AS2020 Kapıcısız Santral (Max. 25 Daire),4368.96,elektrik-ve-aydinlatma
"Kablo Bağı Klips Beyaz 2,5*200MM (100adet)",47.85,elektrik-ve-aydinlatma
"Kablo Bağı Klips Beyaz 3,6*300MM (100adet)",105.6,elektrik-ve-aydinlatma
"Kablo Bağı Klips Beyaz 4,8*380MM (100adet)",200.48,elektrik-ve-aydinlatma
Yer Altı Kofra Yük Kesicili,714.89,elektrik-ve-aydinlatma
Topraklama Şerit Aparatı (Demirden Şerite Bağlantı),33.49,elektrik-ve-aydinlatma
Audio 4.3 İnç Kapak,149.9,elektrik-ve-aydinlatma
Audio SA 201 Kapıcısız Şube,738.0,elektrik-ve-aydinlatma
Audio Bus Plus Görüntülü Dış Panel,6637.8,elektrik-ve-aydinlatma
Audio Bus Plus Görüntülü Güç Kaynağı 2445 60w,1431.61,elektrik-ve-aydinlatma
"Kablo Bağı Klips Beyaz  2,5*150MM (100adet)",37.13,elektrik-ve-aydinlatma
"Kablo Bağı Klips Siyah 2,5*150mm (100adet)",37.13,elektrik-ve-aydinlatma
2x18w Etanj Armatür,202.45,elektrik-ve-aydinlatma
1x36w Etanj Armatür,199.87,elektrik-ve-aydinlatma
14mm Kangal Boru Renkli,479.9,elektrik-ve-aydinlatma
18mm Kangal Boru Renkli,579.9,elektrik-ve-aydinlatma
60X60 Led Panel SÄąva ĂstĂź ArmatĂźr Ä°Ă§in BoĹ Kasa,149.9,elektrik-ve-aydinlatma
Audio 8'li HP'li Ăift SÄąra Zil Paneli,2633.18,elektrik-ve-aydinlatma
Audio 6'lÄą HP'li Ăift SÄąra Zil Paneli,2320.27,elektrik-ve-aydinlatma
Audio E12 Ekonomik KapÄącÄąsÄąz Ĺube,631.73,elektrik-ve-aydinlatma
Audio ES102 Santral (Ăift Zilli),5549.76,elektrik-ve-aydinlatma
1x18w Tms ArmatĂźr,175.99,elektrik-ve-aydinlatma
2x18W Tms ArmatĂźr,217.99,elektrik-ve-aydinlatma
ĂZPA ĂZ1605 1tr + 10w Otomat SÄąva AltÄą SayaĂ§ Panosu,1573.2,elektrik-ve-aydinlatma
ĂZPA ĂZ1304 30w Otomat + Pako Yeri SÄąva AltÄą SayaĂ§ Panosu,2003.76,elektrik-ve-aydinlatma
ĂZPA ĂZ1006 6mn TmĹ + Diyafon Yeri SÄąva AltÄą SayaĂ§ Panosu,3532.8,elektrik-ve-aydinlatma
ĂZPA ĂZ1010 10mn TmĹ + Diyafon Yeri SÄąva AltÄą SayaĂ§ Panosu,4912.8,elektrik-ve-aydinlatma
ĂZPA ĂZ1012 12mn TmĹ + Diyafon Yeri SÄąva AltÄą SayaĂ§ Panosu,5950.56,elektrik-ve-aydinlatma
ÖZPA ÖZ1051 1mn + 8w Otomat Sıva Üstü Sayaç Panosu,883.2,elektrik-ve-aydinlatma
Estel DT8 Diafon Kablosu (500m),3036.0,elektrik-ve-aydinlatma
Estel 1x2x0.80 Yangın İhbar Kablosu,565.8,elektrik-ve-aydinlatma
Estel 2x2x0.80 Yangın İhbar Kablosu,869.4,elektrik-ve-aydinlatma
Estel 6 Çift Telefon Kablosu,917.7,elektrik-ve-aydinlatma
Estel 2x0.75 Kordon Kablo,249.9,elektrik-ve-aydinlatma
Estel 2x0.75 Kordon Kablo Bakır,966.0,elektrik-ve-aydinlatma
Estel 2x0.75 Şeffaf Kordon Kablo Bakır,1035.0,elektrik-ve-aydinlatma
Estel 2x0.75 Kordon Kablo (500m),1099.0,elektrik-ve-aydinlatma
Estel 2+1 CCTV Kamera Kablosu,607.2,elektrik-ve-aydinlatma
Estel 4+1 CCTV Kamera Kablosu,759.0,elektrik-ve-aydinlatma
Estel 4+1 CCTV Kamera Kablosu (500m),3795.0,elektrik-ve-aydinlatma
Estel 1 Çift Telefon Kablosu,227.7,elektrik-ve-aydinlatma
Estel 2 Çift Telefon Kablosu,358.8,elektrik-ve-aydinlatma
Estel 2 Çift Telefon Kablosu (500m),1794.0,elektrik-ve-aydinlatma
Estel 3 Çift Telefon Kablosu,503.7,elektrik-ve-aydinlatma
Estel 4 Çift Telefon Kablosu,641.7,elektrik-ve-aydinlatma
Estel 5 Çift Telefon Kablosu,779.7,elektrik-ve-aydinlatma
Erse CCTV/Al 4x0.22 Kamera Kablosu (500m),11785.2,elektrik-ve-aydinlatma
Erse/Nexans Cat-6 U/UTP Data Kablosu,7199.0,elektrik-ve-aydinlatma
Erse DT-8 Diafon Kablosu,1899.0,elektrik-ve-aydinlatma
Erse RG6/U4 Cu/AL Koaksiyel Tv Kablosu (500m),9499.0,elektrik-ve-aydinlatma
Öznur 25mm NYA Kablo (100m),21831.6,elektrik-ve-aydinlatma
Erse CCTV/Al 2x0.22 Kamera Kablosu,1780.2,elektrik-ve-aydinlatma
Erse CCTV/Al 4x0.22 Kamera Kablosu,2357.04,elektrik-ve-aydinlatma
Erse 3 Çift Telefon Kablosu 3x2x0.5+0.5,2187.71,elektrik-ve-aydinlatma
Erse 3 Çift Telefon Kablosu 3x2x0.5+0.5 (500m),10939.31,elektrik-ve-aydinlatma
Erse 4 Çift Telefon Kablosu 4x2x0.5+0.5,2524.31,elektrik-ve-aydinlatma
Erse 5 Çift Telefon Kablosu 5x2x0.5+0.5,2973.11,elektrik-ve-aydinlatma
Erse J-Y(St)Y...Lg 2x2x0.8+0.4 Yangın Alarm Kablosu,3019.44,elektrik-ve-aydinlatma
Öznur 10 mm NYA Kablo (100m),8694.0,elektrik-ve-aydinlatma
Öznur 16 mm NYA Kablo (100m),13958.7,elektrik-ve-aydinlatma
Erse 1 Çift Telefon Kablosu 1x2x0.5+0.5,835.7,elektrik-ve-aydinlatma
Erse 1 Çift Telefon Kablosu 1x2x0.5+0.5 (500m),4175.1,elektrik-ve-aydinlatma
Erse 2 Çift Telefon Kablosu 2x2x0.5+0.5,1647.45,elektrik-ve-aydinlatma
Erse 2 Çift Telefon Kablosu 2x2x0.5+0.5 (500m),8237.27,elektrik-ve-aydinlatma
Öznur 5x2.5 NYM (NVV) Kablo,11894.22,elektrik-ve-aydinlatma
Öznur 4x16 NYM (NVV) Kablo,57515.64,elektrik-ve-aydinlatma
Siemens 1x20A Otomatik Sigorta,99.9,elektrik-ve-aydinlatma
Oag 80A Kompakt Tip Termik Manyetik Güç Şalteri,1269.9,elektrik-ve-aydinlatma
Makara 20 mt 3x1.5 TTR Kablo,494.39,elektrik-ve-aydinlatma
Makara 30 mt 3x1.5 TTR Kablo,574.89,elektrik-ve-aydinlatma
Makara 35 mt 3x1.5 TTR Kablo,624.34,elektrik-ve-aydinlatma
Makara 50 mt 3x1.5 TTR Kablo,734.74,elektrik-ve-aydinlatma
Boş Seyyar Kablo Makarası,374.9,elektrik-ve-aydinlatma
Esem 3x32A Otomatik Sigorta,277.5,elektrik-ve-aydinlatma
Esem Kaçak Akım Rölesi 1x40 30mA,561.33,elektrik-ve-aydinlatma
Esem Kaçak Akım Rölesi 1x40 300mA,561.33,elektrik-ve-aydinlatma
Esem Kaçak Akım Rölesi 3x40 30mA,760.91,elektrik-ve-aydinlatma
Heron Kaçak Akım Rölesi 1x40 300mA,364.9,elektrik-ve-aydinlatma
Heron Kaçak Akım Rölesi 3x40 300mA,403.92,elektrik-ve-aydinlatma
Heron Kaçak Akım Rölesi 3x40 30mA,403.92,elektrik-ve-aydinlatma
Oag 100A Kompakt Tip Termik Manyetik Güç Şalteri,1279.9,elektrik-ve-aydinlatma
Oag 63A Kompakt Tip Termik Manyetik Güç Şalteri,1259.9,elektrik-ve-aydinlatma
Esem 1x20A Otomatik Sigorta,76.5,elektrik-ve-aydinlatma
Esem 1x25A Otomatik Sigorta,64.86,elektrik-ve-aydinlatma
Esem 1x2A Otomatik Sigorta,80.25,elektrik-ve-aydinlatma
Esem 1x32A Otomatik Sigorta,78.17,elektrik-ve-aydinlatma
Esem 1x40A Otomatik Sigorta,85.24,elektrik-ve-aydinlatma
Esem 1x50A Otomatik Sigorta,93.56,elektrik-ve-aydinlatma
Esem 1x63A Otomatik Sigorta,97.71,elektrik-ve-aydinlatma
Esem 1x6A Otomatik Sigorta,71.52,elektrik-ve-aydinlatma
Esem 3x50A Otomatik Sigorta,345.11,elektrik-ve-aydinlatma
Makel Kaçak Akım Rölesi 1x40 30mA,538.67,elektrik-ve-aydinlatma
Makel Kaçak Akım Rölesi 1x40 300mA,414.9,elektrik-ve-aydinlatma
Makel Kaçak Akım Rölesi 1x63 300mA,441.38,elektrik-ve-aydinlatma
Makel Kaçak Akım Rölesi 1x63 30mA,450.49,elektrik-ve-aydinlatma
Makel Kaçak Akım Rölesi 3x63 30mA,876.96,elektrik-ve-aydinlatma
Makel Kaçak Akım Rölesi 3x40 300mA,715.77,elektrik-ve-aydinlatma
Makel Kaçak Akım Rölesi 3x63 300mA,785.92,elektrik-ve-aydinlatma
Esem 1x16A Otomatik Sigorta,64.86,elektrik-ve-aydinlatma
Susta Çelik 25 Mt,396.0,elektrik-ve-aydinlatma
Susta Çelik 15 Mt,234.0,elektrik-ve-aydinlatma
Susta Çelik 10 Mt,162.0,elektrik-ve-aydinlatma
Makel Kontaktör KNC1-2511,697.39,elektrik-ve-aydinlatma
Makel Kontaktör KNC1-3211,681.51,elektrik-ve-aydinlatma
Makel Kontaktör KNC1-4011,1395.62,elektrik-ve-aydinlatma
Makel Kontaktör KNC1-6511,1382.14,elektrik-ve-aydinlatma
Makel 4X40A Otomatik Sigorta Nötr Kesicili,374.41,elektrik-ve-aydinlatma
Makel 125A Kompakt Tip Termik Manyetik Güç Şalteri,2343.0,elektrik-ve-aydinlatma
Makel 200A Kompakt Tip Termik Manyetik Güç Şalteri,3185.87,elektrik-ve-aydinlatma
Makel 80A Kompakt Tip Termik Manyetik Güç Şalteri,2211.0,elektrik-ve-aydinlatma
Makel Kompanzasyon Kontaktörü KNC19-12,539.59,elektrik-ve-aydinlatma
Makel Kompanzasyon Kontaktörü KNC19-18,597.93,elektrik-ve-aydinlatma
Makel Kontaktör KNC1-5011,1200.85,elektrik-ve-aydinlatma
Makel Kontaktör KNC1-0911,436.39,elektrik-ve-aydinlatma
Makel Kontaktör KNC1-1211,463.95,elektrik-ve-aydinlatma
Makel Kontaktör KNC1-1811,528.68,elektrik-ve-aydinlatma
Makel 1x25A Otomatik Sigorta,82.8,elektrik-ve-aydinlatma
Makel 1x32A Otomatik Sigorta,95.25,elektrik-ve-aydinlatma
Makel 1x40A Otomatik Sigorta,85.04,elektrik-ve-aydinlatma
Makel 1x4A Otomatik Sigorta,85.04,elektrik-ve-aydinlatma
Makel 3X25A Otomatik Sigorta,225.41,elektrik-ve-aydinlatma
Makel 3X32A Otomatik Sigorta,342.31,elektrik-ve-aydinlatma
Makel 3X40A Otomatik Sigorta,387.53,elektrik-ve-aydinlatma
Makel 4X32A Otomatik Sigorta Nötr Kesicili,330.98,elektrik-ve-aydinlatma
Siemens 80A Kompakt Tip Termik Manyetik Güç Şalteri,3072.48,elektrik-ve-aydinlatma
Siemens 400A Ayarlanabilir Kompakt Tip Termik Manyetik Güç Şalteri,15621.88,elektrik-ve-aydinlatma
Siemens Kaçak Akım Rölesi 3x63 30mA,1937.07,elektrik-ve-aydinlatma
Siemens Kaçak Akım Rölesi 3x63 300mA,1590.11,elektrik-ve-aydinlatma
Siemens Kaçak Akım Rölesi 3x80 300mA,3863.61,elektrik-ve-aydinlatma
Siemens 200A Kompakt Tip Termik Manyetik Güç Şalteri,6693.27,elektrik-ve-aydinlatma
Siemens 250A Kompakt Tip Termik Manyetik Güç Şalteri,6820.78,elektrik-ve-aydinlatma
Siemens 63A Kompakt Tip Termik Manyetik Güç Şalteri,2725.98,elektrik-ve-aydinlatma
Siemens 100A Kompakt Tip Termik Manyetik Güç Şalteri,3072.48,elektrik-ve-aydinlatma
Siemens 125A Kompakt Tip Termik Manyetik Güç Şalteri,4390.29,elektrik-ve-aydinlatma
Siemens 160A Kompakt Tip Termik Manyetik Güç Şalteri,4556.61,elektrik-ve-aydinlatma
Siemens 3X25A Otomatik Sigorta,522.2,elektrik-ve-aydinlatma
Siemens 3x32A Otomatik Sigorta,546.24,elektrik-ve-aydinlatma
Siemens 3X40A Otomatik Sigorta,556.17,elektrik-ve-aydinlatma
Siemens 3X50A Otomatik Sigorta,796.63,elektrik-ve-aydinlatma
Siemens 3X63A Otomatik Sigorta,963.55,elektrik-ve-aydinlatma
Siemens 3X80A Otomatik Sigorta,3588.08,elektrik-ve-aydinlatma
Siemens Kaçak Akım Rölesi 1x40 30mA,1249.9,elektrik-ve-aydinlatma
Siemens Kaçak Akım Rölesi 1x40 300mA,1134.9,elektrik-ve-aydinlatma
Siemens Kaçak Akım Rölesi 3x40 300mA,1594.9,elektrik-ve-aydinlatma
Siemens Kaçak Akım Rölesi 3x40 30mA,1594.9,elektrik-ve-aydinlatma
Siemens 1x3A Otomatik Sigorta,201.17,elektrik-ve-aydinlatma
Siemens 1x40A Otomatik Sigorta,141.91,elektrik-ve-aydinlatma
Siemens 1x4A Otomatik Sigorta,185.12,elektrik-ve-aydinlatma
Siemens 1x50A Otomatik Sigorta,215.57,elektrik-ve-aydinlatma
Siemens 1x63A Otomatik Sigorta,290.11,elektrik-ve-aydinlatma
Siemens 1x6A Otomatik Sigorta,123.74,elektrik-ve-aydinlatma
Siemens 3x100A Otomatik Sigorta,3905.19,elektrik-ve-aydinlatma
Siemens 3x125A Otomatik Sigorta,4267.77,elektrik-ve-aydinlatma
Siemens 3X16A Otomatik Sigorta,522.2,elektrik-ve-aydinlatma
Siemens 3x20A Otomatik Sigorta,522.2,elektrik-ve-aydinlatma
Siemens Termik Röle 3UA59 2.5-4A,1304.96,elektrik-ve-aydinlatma
Siemens Termik Röle 3UA59 25-40A,2110.93,elektrik-ve-aydinlatma
Siemens Termik Röle 3UA59 16-25A,1501.19,elektrik-ve-aydinlatma
Siemens Termik Röle 3UA59 4-6.3A,1304.96,elektrik-ve-aydinlatma
Siemens Termik Röle 3UA59 6.3-10A,1304.96,elektrik-ve-aydinlatma
Siemens 1x10A Otomatik Sigorta,102.63,elektrik-ve-aydinlatma
Siemens 1x25A Otomatik Sigorta,99.9,elektrik-ve-aydinlatma
Siemens 1x2A Otomatik Sigorta,185.12,elektrik-ve-aydinlatma
Çivili Beton Kroşe No:5 / 100 Adet,58.5,elektrik-ve-aydinlatma
Çivili Beton Kroşe No:6 / 100 Adet,58.5,elektrik-ve-aydinlatma
Çivili Beton Kroşe No:7 / 100 Adet,112.5,elektrik-ve-aydinlatma
Çivili Beton Kroşe No:8 / 100 Adet,144.0,elektrik-ve-aydinlatma
26mm Spiral Boru Siyah (50m),449.0,elektrik-ve-aydinlatma
14mm Plastik Dirsek,1.99,elektrik-ve-aydinlatma
Sac Tava Kanal 100/40,209.9,elektrik-ve-aydinlatma
Sac Tava Ek Parçası,13.33,elektrik-ve-aydinlatma
Sac Tava Tespit,22.98,elektrik-ve-aydinlatma
Çivili Beton Kroşe No:1 / 100 Adet,29.25,elektrik-ve-aydinlatma
Çivili Beton Kroşe No:2 / 100 Adet,29.25,elektrik-ve-aydinlatma
Çivili Beton Kroşe No:3 / 100 Adet,38.25,elektrik-ve-aydinlatma
Çivili Beton Kroşe No:4 / 100 Adet,38.25,elektrik-ve-aydinlatma
Şerit Led Trafo  3 Amper,79.9,elektrik-ve-aydinlatma
Şerit Led Trafo Slim Kasa 5 Amper,88.9,elektrik-ve-aydinlatma
Şerit Led Trafo Slim Kasa 10 Amper,130.5,elektrik-ve-aydinlatma
"Şerit Led Trafo Slim Kasa 12,5 Amper",143.99,elektrik-ve-aydinlatma
"Şerit Led Trafo Slim Kasa 16,5 Amper",149.9,elektrik-ve-aydinlatma
Şerit Led Trafo Slim Kasa 21 Amper,162.9,elektrik-ve-aydinlatma
Şerit Led Trafo Slim Kasa 30 Amper,187.5,elektrik-ve-aydinlatma
"Şerit Led Trafo Slim Kasa 8,5 Amper",96.9,elektrik-ve-aydinlatma
Tek Çipli İç Mekan Şerit Led Kırmızı 5mt,113.5,elektrik-ve-aydinlatma
Tek Çipli İç Mekan Şerit Led Mavi 5mt,103.5,elektrik-ve-aydinlatma
Tek Çipli İç Mekan Şerit Led Yeşil 5mt,113.5,elektrik-ve-aydinlatma
3 Çipli 60 Ledli Dış Mekan Şerit Led Mavi 5mt,189.75,elektrik-ve-aydinlatma
3 Çipli 60 Ledli Dış Mekan Şerit Led RGB 5mt,204.9,elektrik-ve-aydinlatma
3 Çipli 60 Ledli Dış Mekan Şerit Led Yeşil 5mt,199.75,elektrik-ve-aydinlatma
Tek Çipli Dış Mekan Şerit Led Beyaz 5mt,129.9,elektrik-ve-aydinlatma
Tek Çipli Dış Mekan Şerit Led Günışığı 5mt,129.9,elektrik-ve-aydinlatma
Tek Çipli Dış Mekan Şerit Led Kırmızı 5mt,139.9,elektrik-ve-aydinlatma
Tek Çipli Dış Mekan Şerit Led Mavi 5mt,129.9,elektrik-ve-aydinlatma
Tek Çipli Dış Mekan Şerit Led Yeşil 5mt,139.9,elektrik-ve-aydinlatma
Tek Çipli İç Mekan Şerit Led Beyaz 5mt,103.5,elektrik-ve-aydinlatma
Tek Çipli İç Mekan Şerit Led Günışığı 5mt,103.5,elektrik-ve-aydinlatma
3 Çipli 60 Ledli İç Mekan Şerit Led Amber 5mt,159.9,elektrik-ve-aydinlatma
3 Çipli 60 Ledli İç Mekan Şerit Led Kırmızı 5mt,159.9,elektrik-ve-aydinlatma
3 Çipli 60 Ledli İç Mekan Şerit Led Mavi 5mt,99.9,elektrik-ve-aydinlatma
3 Çipli 60 Ledli İç Mekan Şerit Led RGB 5mt,164.5,elektrik-ve-aydinlatma
3 Çipli 60 Ledli İç Mekan Şerit Led Beyaz 5mt,99.9,elektrik-ve-aydinlatma
3 Çipli 60 Ledli İç Mekan Şerit Led Gün Işığı 5mt,151.8,elektrik-ve-aydinlatma
3 Çipli 60 Ledli Dış Mekan Şerit Led Amber 5mt,199.75,elektrik-ve-aydinlatma
3 Çipli 60 Ledli Dış Mekan Şerit Led Beyaz 5mt,189.75,elektrik-ve-aydinlatma
3 Çipli 60 Ledli Dış Mekan Şerit Led Gün Işığı 5mt,189.75,elektrik-ve-aydinlatma
14mm Kangal Boru Siyah,345.0,elektrik-ve-aydinlatma
18mm Kangal Boru Siyah,419.9,elektrik-ve-aydinlatma
14mm Spiral Boru Siyah,369.9,elektrik-ve-aydinlatma
26mm Kangal Boru Siyah,689.9,elektrik-ve-aydinlatma
Viko Monoblok UPS Topraklı Erkek Fiş,45.37,elektrik-ve-aydinlatma
U Klemens 16mm,45.37,elektrik-ve-aydinlatma
U Klemens 25mm,61.15,elektrik-ve-aydinlatma
U Klemens 50mm,92.79,elektrik-ve-aydinlatma
U Klemens 70mm,134.3,elektrik-ve-aydinlatma
U Klemens 95mm,171.61,elektrik-ve-aydinlatma
U Klemens 6mm,23.76,elektrik-ve-aydinlatma
U Klemens 10mm,31.56,elektrik-ve-aydinlatma
Buat Kapağı Bombeli Beyaz 100'lü,189.0,elektrik-ve-aydinlatma
Termoplastik Buat Gri 180X270X100 (14Çıkış),193.72,elektrik-ve-aydinlatma
Termoplastik Buat Gri 110X110X74 (8 Çıkışlı),56.46,elektrik-ve-aydinlatma
U Klemens 35mm,69.04,elektrik-ve-aydinlatma
U Klemens 150mm,289.95,elektrik-ve-aydinlatma
Makel Termik Röle 9 - 13 A - (70000010),305.36,elektrik-ve-aydinlatma
Kare Buat 20x20,77.65,elektrik-ve-aydinlatma
Kare Buat 15x15,62.54,elektrik-ve-aydinlatma
"Makel Termik Röle 5,5 - 8,0 A - (70000008)",305.36,elektrik-ve-aydinlatma
Normal Buat Siyah 100'lü,3.99,elektrik-ve-aydinlatma
Normal Buat Turuncu,7.39,elektrik-ve-aydinlatma
Geçmeli Derin Kasa Turuncu,8.99,elektrik-ve-aydinlatma
Geçmeli Derin Kasa Siyah 100'lü,319.9,elektrik-ve-aydinlatma
Alçipan Kasa Turuncu 1'li,13.75,elektrik-ve-aydinlatma
"Makel Termik Röle 2,5 - 4 A - (70000006)",305.36,elektrik-ve-aydinlatma
Makel Termik Röle 18 - 26 A - (70000012),305.36,elektrik-ve-aydinlatma
Makel Termik Röle 12-18 A,305.36,elektrik-ve-aydinlatma
Makel Termik Röle 23 - 32 A - (70000023),393.05,elektrik-ve-aydinlatma
"Makel Termik Röle 3,5 - 5 A - (70000022)",305.36,elektrik-ve-aydinlatma
"Makel Termik Röle 7,0 - 10 A - (70000009)",305.36,elektrik-ve-aydinlatma
Zil Butonu 8'li,287.9,elektrik-ve-aydinlatma
Zil Butonu 10'lu,359.9,elektrik-ve-aydinlatma
Zil Butonu 6'lı,283.5,elektrik-ve-aydinlatma
Zil Butonu 9'lu,323.9,elektrik-ve-aydinlatma
Topraklama Çubuğu Bakır 1 mt,129.9,elektrik-ve-aydinlatma
Topraklama Çubuğu Bakır 1.5 mt,269.9,elektrik-ve-aydinlatma
K2 KLD150B 12.5A Led Şerit Trafosu,172.55,elektrik-ve-aydinlatma
Nead Murat Sıva Üstü Vavien,71.27,elektrik-ve-aydinlatma
Nead Murat Sıva Üstü Anahtar,51.7,elektrik-ve-aydinlatma
Nead Murat Sıva Üstü Komitatör,66.61,elektrik-ve-aydinlatma
Nead Murat Sıva Üstü Light Anahtar,56.82,elektrik-ve-aydinlatma
Nead Murat Sıva Üstü Topraklı Priz,52.16,elektrik-ve-aydinlatma
Ara Puar Beyaz,22.13,elektrik-ve-aydinlatma
Dişi Fiş Topraklı,38.13,elektrik-ve-aydinlatma
Erkek Fiş Topraklı,30.36,elektrik-ve-aydinlatma
Zil Butonu 2'li,100.54,elektrik-ve-aydinlatma
Zil Butonu 3'lÃž,141.75,elektrik-ve-aydinlatma
Zil Butonu 4'lÃž,184.69,elektrik-ve-aydinlatma
Zil Butonu 5'li,236.25,elektrik-ve-aydinlatma
Zil Butonu Tekli,51.9,elektrik-ve-aydinlatma
Zil Butonu 7'li,251.9,elektrik-ve-aydinlatma
Makel ÃÃ§lÃž 3 Metre Grup Priz,151.41,elektrik-ve-aydinlatma
Makel ÃÃ§lÃž 5 Metre Grup Priz,197.24,elektrik-ve-aydinlatma
Makel DÃķrtlÃž Klemensli Grup Priz,107.32,elektrik-ve-aydinlatma
Makel DÃķrtlÃž 2 Metre Grup Priz,224.25,elektrik-ve-aydinlatma
Makel AltÄąlÄą Klemensli Grup Priz,163.7,elektrik-ve-aydinlatma
Makel AltÄąlÄą 2 Metre AnahtarlÄą Grup Priz,409.9,elektrik-ve-aydinlatma
Makel Karea Beyaz ÃÃ§lÃž Anahtar,48.55,elektrik-ve-aydinlatma
Makel Karea Beyaz Dimmer,251.95,elektrik-ve-aydinlatma
Tekli monofaze SÄąva ÃstÃž Pano,498.96,elektrik-ve-aydinlatma
Tekli Trafaze SÄ±va ĂśstĂĽ Pano,855.36,elektrik-ve-aydinlatma
Polyester SÄ±va ĂśstĂĽ BoĹź Pano 30x40,741.31,elektrik-ve-aydinlatma
Polyester SÄ±va ĂśstĂĽ BoĹź Pano 40x50,1254.53,elektrik-ve-aydinlatma
Kablo Papucu Standart 70mm,45.75,elektrik-ve-aydinlatma
Kablo Papucu Standart 95mm,56.9,elektrik-ve-aydinlatma
Makel Karea Beyaz Anahtar,32.38,elektrik-ve-aydinlatma
Makel Karea Beyaz Light Anahtar,38.45,elektrik-ve-aydinlatma
Makel Karea Beyaz Numeris Telefon Prizi,37.15,elektrik-ve-aydinlatma
Makel Karea Beyaz TopraklÄ± Priz,41.58,elektrik-ve-aydinlatma
Makel Karea Beyaz KapakÄ± TopraklÄ± Priz,52.13,elektrik-ve-aydinlatma
Makel Karea Beyaz Ä°kili Yatay Ă‡erĂ§eve,22.17,elektrik-ve-aydinlatma
BalÄ±k SÄ±rtÄ± KanalÄ± 75x20 2Mt,99.9,elektrik-ve-aydinlatma
Kablo Papucu Standart 10mm,7.49,elektrik-ve-aydinlatma
Kablo Papucu Standart 120mm,79.9,elektrik-ve-aydinlatma
Kablo Papucu Standart 150mm,126.9,elektrik-ve-aydinlatma
Kablo Papucu Standart 16mm,9.85,elektrik-ve-aydinlatma
Kablo Papucu Standart 25mm,15.99,elektrik-ve-aydinlatma
Kablo Papucu Standart 185mm,149.9,elektrik-ve-aydinlatma
Kablo Papucu Standart 50mm,34.15,elektrik-ve-aydinlatma
Kablo Papucu Standart 35mm,22.9,elektrik-ve-aydinlatma
Sıra Klemens 4 Nolu,42.84,elektrik-ve-aydinlatma
Sıra Klemens 1 Nolu,24.53,elektrik-ve-aydinlatma
Sıra Klemens 2 Nolu,33.49,elektrik-ve-aydinlatma
Sıra Klemens Yanmaz 1 Nolu,23.9,elektrik-ve-aydinlatma
Sıra Klemens Yanmaz 2 Nolu,36.5,elektrik-ve-aydinlatma
Sıra Klemens Yanmaz 3 Nolu,38.5,elektrik-ve-aydinlatma
Tij Duy Porselen,14.49,elektrik-ve-aydinlatma
Sıra Klemens 3 Nolu,40.88,elektrik-ve-aydinlatma
Dağıtım Barası 2+18 / 4 Kutuplu,598.32,elektrik-ve-aydinlatma
Dağıtım Barası 2+8 / 4 Kutuplu,359.9,elektrik-ve-aydinlatma
Dağıtım Barası 2+13 / 4 Kutuplu,608.26,elektrik-ve-aydinlatma
Bara Trifaze 53cm,242.9,elektrik-ve-aydinlatma
Bara Monofaze 53cm,82.77,elektrik-ve-aydinlatma
Nötr Bara,246.65,elektrik-ve-aydinlatma
W otomat Rayı 1Mt,29.24,elektrik-ve-aydinlatma
Çetsan 24'lü Sıva Üstü Sigorta Kutusu,275.55,elektrik-ve-aydinlatma
Çetsan 24'lü Sıva Altı Sigorta Kutusu,280.8,elektrik-ve-aydinlatma
Çetsan 36'lı Sıva Altı Sigorta Kutusu,339.9,elektrik-ve-aydinlatma
Çetsan 9'lu Sıva Altı Sigorta Kutusu,142.73,elektrik-ve-aydinlatma
Dağıtım Barası 2+13 / 2 Kutuplu,203.41,elektrik-ve-aydinlatma
Dağıtım Barası 2+18 / 2 Kutuplu,322.38,elektrik-ve-aydinlatma
Dağıtım Barası 2+8 / 2 Kutuplu,177.78,elektrik-ve-aydinlatma
Makel 8'li Sıva Altı Sigorta Kutusu,127.43,elektrik-ve-aydinlatma
Makel 36'lı Sıva Altı Sigorta Kutusu,467.57,elektrik-ve-aydinlatma
Makel 12'li Sıva Üstü Sigorta Kutusu,176.89,elektrik-ve-aydinlatma
Çetsan 12'li Sıva Üstü Sigorta Kutusu,172.43,elektrik-ve-aydinlatma
Siemens 1x16A Otomatik Sigorta,99.9,elektrik-ve-aydinlatma
Siemens 1x32A Otomatik Sigorta,123.74,elektrik-ve-aydinlatma
Makel 1x16A Otomatik Sigorta,65.46,elektrik-ve-aydinlatma
Makel 100A Kompakt Tip Termik Manyetik Güç Şalteri,2211.19,elektrik-ve-aydinlatma
Makel 160A Kompakt Tip Termik Manyetik Güç Şalteri,2949.0,elektrik-ve-aydinlatma
Viko Karre Beyaz İkili Çerçeve,28.71,elektrik-ve-aydinlatma
KEL276 90 LEDKŞ IŞILDAK,387.76,elektrikli-el-aletleri
KEL273L 30 LEDLİ IŞILDAK BEYAZ,199.7,elektrikli-el-aletleri
Max Extra MX2070 Mini Taşlama Seti,1246.8,elektrikli-el-aletleri
ROWN RN1010 Darbeli Matkap 13mm,684.0,elektrikli-el-aletleri
Max Extra MX2603 Kırıcı Delici Matkap,2639.9,elektrikli-el-aletleri
Makita GA7020 Büyük Taşlama,6429.6,elektrikli-el-aletleri
MAX-EXTRA MX7800 Boya ve Harç Mikseri,2556.0,elektrikli-el-aletleri
Mytol BH65 Hava Kompresörü 100Lt,15839.9,elektrikli-el-aletleri
Makita HS7601 Sunta Kesme 190mm,8018.52,elektrikli-el-aletleri
Makita HR2470 Kırıcı Delici Matkap,8999.0,elektrikli-el-aletleri
Makita GA4530R Avuç Taşlama,3899.9,elektrikli-el-aletleri
Makita HP1641 Darbeli Matlap,5300.38,elektrikli-el-aletleri
Rtrmax RTM226 Elektropnömatik Kırıcı Delici Matkap 800W,3790.8,elektrikli-el-aletleri
RTRMAX RTM3793 Alçıpan Duvar Zımparalama Makinesi,8515.9,elektrikli-el-aletleri
Kale 141R iç Kapı Gömme Kilidi 45mm Oval Kenarlı,320.3,hirdavat-el-aletleri-ve-oto
İzeltaş 21mm Kombine  Anahtar,253.61,hirdavat-el-aletleri-ve-oto
İzeltaş 22mm Kombine Anahtar,322.51,hirdavat-el-aletleri-ve-oto
İzeltaş 23mm Kombine  Anahtar,392.37,hirdavat-el-aletleri-ve-oto
İzeltaş 28mm Kombine Anahtar,462.23,hirdavat-el-aletleri-ve-oto
İzeltaş 29mm Kombine  Anahtar,462.23,hirdavat-el-aletleri-ve-oto
İzeltaş 30mm Kombine Anahtar,477.73,hirdavat-el-aletleri-ve-oto
İzeltaş 32mm Kombine Anahtar,459.9,hirdavat-el-aletleri-ve-oto
Oto-Automix Termos Çanta 15Lt,254.09,hirdavat-el-aletleri-ve-oto
Automix Termos Çanta 42 Lt,553.12,hirdavat-el-aletleri-ve-oto
Çift Yönlü Acil Yönlendirme Armatürü Exıt Çıkış Yukarı,198.28,hirdavat-el-aletleri-ve-oto
Nurgaz NG 0574 Kesme Hamlacı Takımı Oksijen Propan Pergel Kesme Lüleri,930.35,hirdavat-el-aletleri-ve-oto
Nurgaz NG 0606  Elçek Alev Geri Tepme Valfı,134.98,hirdavat-el-aletleri-ve-oto
Nurgaz NG 578 Kaynak Takımı 0.5-1mm,91.52,hirdavat-el-aletleri-ve-oto
Nurgaz NG 579  Kesme Lüleri,171.58,hirdavat-el-aletleri-ve-oto
Nurgaz NG 575  Kaynak ve Kesme Takımı 4.6mm,102.18,hirdavat-el-aletleri-ve-oto
Daf 510-35 Silindirli Gömme Kilit Kare,254.92,hirdavat-el-aletleri-ve-oto
Nurgaz NG 0572A Kesme Hamlacı Oksijen Aseletilen,693.92,hirdavat-el-aletleri-ve-oto
Daf 521-45 RST İç Kapı Gömme Kilidi Kare,102.4,hirdavat-el-aletleri-ve-oto
İzeltaş 14mm Cırcır Kombine Anahtar,562.33,hirdavat-el-aletleri-ve-oto
Eltos Kemer Delme,156.9,hirdavat-el-aletleri-ve-oto
Kale 357M Elektrikli Trajli Kilit,2547.14,hirdavat-el-aletleri-ve-oto
Oto-Jsv Kırmızı Renkli Cila 300 Ml,137.89,hirdavat-el-aletleri-ve-oto
Oto-Automix Süper Motor Yağ Sökücü Ve Temizleyici 500 Ml,133.43,hirdavat-el-aletleri-ve-oto
Oto-Automix 50 Ml Cam Suyu Şampuanı Mango,27.67,hirdavat-el-aletleri-ve-oto
Oto-Automix 50 Ml Cam Suyu Şampuanı Taze Limon,27.67,hirdavat-el-aletleri-ve-oto
Oto-Formix Atomizörlü Koku Woody 180 Ml,120.83,hirdavat-el-aletleri-ve-oto
Formix Atomizörlü Koku Elegance 180 Ml,114.17,hirdavat-el-aletleri-ve-oto
Oto-Formix AtomizÃķrlÃž Koku Melony 180 Ml,120.83,hirdavat-el-aletleri-ve-oto
Oto-Automix Cherry Passion Air Freshener 300 Ml,137.03,hirdavat-el-aletleri-ve-oto
Oto-Automix SÃžper Koltuk Ve DÃķÅeme Temiz 500Ml,172.97,hirdavat-el-aletleri-ve-oto
Oto-Automix Mat Torpido Tampon Temizleyici 500 Ml,179.55,hirdavat-el-aletleri-ve-oto
Oto-Formix AtomizÃķrlÃž Koku Love 180 Ml,114.17,hirdavat-el-aletleri-ve-oto
Oto-Automix BuÄu Ãnleyici 225Ml,67.5,hirdavat-el-aletleri-ve-oto
Fosforlu Yelek - Ä°kaz YeleÄi,59.4,hirdavat-el-aletleri-ve-oto
Optimum Koruyucu GÃķzlÃžk -  SGS 770,28.86,hirdavat-el-aletleri-ve-oto
Panasonic Alkalin 9 Volt Pil,18.53,hirdavat-el-aletleri-ve-oto
Panasonic Blister Extra Heavy Duty İnce Pil,41.87,hirdavat-el-aletleri-ve-oto
Panasonic Pro Power İnce Pil,115.62,hirdavat-el-aletleri-ve-oto
Panasonic Blister General Purpose Kalem Pil,45.9,hirdavat-el-aletleri-ve-oto
Panasonic Blister Büyük Pil 2 li,85.5,hirdavat-el-aletleri-ve-oto
Dekoratif Asma Şişe Araba Kokusu,112.5,hirdavat-el-aletleri-ve-oto
Kaydırmaz Torpido Üstü Ped,10.21,hirdavat-el-aletleri-ve-oto
Oto Metal Kıyafet Askısı,74.01,hirdavat-el-aletleri-ve-oto
114 MM BI - Metal Panç,299.01,hirdavat-el-aletleri-ve-oto
92 MM BI - Metal Panç,240.51,hirdavat-el-aletleri-ve-oto
89 MM BI - Metal Panç,233.22,hirdavat-el-aletleri-ve-oto
YAKAR ÇEKİÇ 1500 GR,541.73,hirdavat-el-aletleri-ve-oto
Desa Çekiç 2000 Gr,366.8,hirdavat-el-aletleri-ve-oto
Yakar Dövmeli Çelik Keser,583.2,hirdavat-el-aletleri-ve-oto
Dekor Ahşap Saplı Macun Spatulası 14cm,214.9,hirdavat-el-aletleri-ve-oto
Çift Yönlü Acil Yönlendirme Armatürü Bay WC,198.28,hirdavat-el-aletleri-ve-oto
Plastik Silikon Tabancası,79.9,hirdavat-el-aletleri-ve-oto
Dekor Derz Temizleyici 25cm,157.68,hirdavat-el-aletleri-ve-oto
Dekor Plastik Saplı Şap Malası 55cm,423.36,hirdavat-el-aletleri-ve-oto
Dekor Plastik Saplı Seramik Malası 50cm,355.32,hirdavat-el-aletleri-ve-oto
Dekor Plastik Saplı Alçı Malası 40cm,298.08,hirdavat-el-aletleri-ve-oto
Dekor Plastik Saplı Alçı Malası 30cm,239.76,hirdavat-el-aletleri-ve-oto
Dekor Alçı Sistre 30cm,239.76,hirdavat-el-aletleri-ve-oto
Dekor Kauçuklu Mala 24cm,406.08,hirdavat-el-aletleri-ve-oto
Dekor Plastik Saplı Macun Küreği 20cm,264.6,hirdavat-el-aletleri-ve-oto
Dekor Duvar Raspası 25cm,455.76,hirdavat-el-aletleri-ve-oto
Dekor Ahşap Saplı Duvarcı Malası,273.24,hirdavat-el-aletleri-ve-oto
Dekor Plastik Saplı Dil Malası 20cm,248.4,hirdavat-el-aletleri-ve-oto
Daf 551-00 Acil Çıkış Kapısı Kilidi Eko,403.19,hirdavat-el-aletleri-ve-oto
Daf 771-63 Trajlı Cerman Barel,146.13,hirdavat-el-aletleri-ve-oto
Daf 706 Cerman Barel 68mm,146.13,hirdavat-el-aletleri-ve-oto
Daf 572-60 2K Çelik Kapı Kilidi 60mm,484.0,hirdavat-el-aletleri-ve-oto
Daf 571-60 R3M Çelik Kapı Kilidi,690.0,hirdavat-el-aletleri-ve-oto
Daf 540-14 Trajlı Kilit Eko 140mm,220.8,hirdavat-el-aletleri-ve-oto
Daf 533-20-1T3CR Fiam Tipi Kilit 20mm,162.13,hirdavat-el-aletleri-ve-oto
Daf 510-40 RST Silindirli Gömme Kilit,265.6,hirdavat-el-aletleri-ve-oto
Daf 522 RST WC Kapı Kilidi 35mm,96.0,hirdavat-el-aletleri-ve-oto
Daf 522 RST WC Kapı Kilidi 45mm,102.4,hirdavat-el-aletleri-ve-oto
Kale 152R Silindirli Gömme Kilit 35mm,817.59,hirdavat-el-aletleri-ve-oto
Kale 157EL Elektrikli Tirajlı Kilit,2008.4,hirdavat-el-aletleri-ve-oto
Kale 164KTBS Tuzaklı Barel 68mm,585.78,hirdavat-el-aletleri-ve-oto
Kale 50-330 Kapı Hidroliği,1468.23,hirdavat-el-aletleri-ve-oto
Kale 50-550 Kapı Hidroliği,1716.12,hirdavat-el-aletleri-ve-oto
Kale 189 4M Gömme Emniyet Kilidi,729.9,hirdavat-el-aletleri-ve-oto
Kale KD012/20-222 Gizli Kapı Otomatiği,957.38,hirdavat-el-aletleri-ve-oto
Kale 151R İç Kapı Gömme Kilidi 35mm Düz Kenarlı,299.14,hirdavat-el-aletleri-ve-oto
Kale 189 3MF Fiam Emniyet Kilidi,491.9,hirdavat-el-aletleri-ve-oto
Kale 189 4MF Fiam Emniyet Kilidi,374.17,hirdavat-el-aletleri-ve-oto
Kale 164ASYN Tuzaklı Alarmlı Silindir Barel,4829.57,hirdavat-el-aletleri-ve-oto
Kale 164 BME Bilyalı Mandallı Barel 68mm,718.52,hirdavat-el-aletleri-ve-oto
Kale 164 GNC Barel 68mm,446.31,hirdavat-el-aletleri-ve-oto
Kale 151R İç Kapı Gömme Kilidi 35mm Oval Kenarlı,299.14,hirdavat-el-aletleri-ve-oto
İzeltaş 6.5x25 Topaç Başlı Düz Tornavida,114.07,hirdavat-el-aletleri-ve-oto
Kale 164ASM Tuzaklı Alarmlı Silindir Barel,4688.18,hirdavat-el-aletleri-ve-oto
İzeltaş 3m Plastik Stoplu Şerit Metre,251.88,hirdavat-el-aletleri-ve-oto
İzeltaş 7 Parça Tornavida Seti Kraft Seri,962.36,hirdavat-el-aletleri-ve-oto
İzeltaş 4.5x25 Yıldız Uçlu Topaç Tornavida Kraft Seri,109.48,hirdavat-el-aletleri-ve-oto
İzeltaş 5.5x40 Topaç Başlı Düz Tornavida Kraft Seri,139.9,hirdavat-el-aletleri-ve-oto
İzeltaş 4x100mm Düz Tornavida Kraft Seri,134.9,hirdavat-el-aletleri-ve-oto
İzeltaş 4x80mm Düz Tornavida Kraft Seri,102.02,hirdavat-el-aletleri-ve-oto
İzeltaş 5x150mm Düz Tornavida Kraft Seri,170.92,hirdavat-el-aletleri-ve-oto
İzeltaş 6x100mm Düz Tornavida Kraft Seri,139.72,hirdavat-el-aletleri-ve-oto
İzeltaş 6x150mm Düz Tornavida Kraft Seri,176.47,hirdavat-el-aletleri-ve-oto
İzeltaş 7x125mm Düz Tornavida Kraft Seri,178.38,hirdavat-el-aletleri-ve-oto
İzeltaş 8x150mm Düz Tornavida Kraft Seri,234.27,hirdavat-el-aletleri-ve-oto
İzeltaş 8x175mm Düz Tornavida Kraft Seri,249.97,hirdavat-el-aletleri-ve-oto
İzeltaş 27x32mm İki Ağız Kısa Anahtar,209.9,hirdavat-el-aletleri-ve-oto
İzeltaş 3x60mm Yıldız Tornavida Kraft Seri,100.29,hirdavat-el-aletleri-ve-oto
İzeltaş 4.5x100mm Yıldız Tornavida Kraft Seri,160.01,hirdavat-el-aletleri-ve-oto
İzeltaş 4.5x150mm Yıldız Tornavida Kraft Seri,191.21,hirdavat-el-aletleri-ve-oto
İzeltaş 4.5x80mm Yıldız Tornavida Kraft Seri,143.36,hirdavat-el-aletleri-ve-oto
İzeltaş 3x80mm Düz Tornavida Kraft Seri,94.74,hirdavat-el-aletleri-ve-oto
İzeltaş Elektrik Kontrol Kalemi,199.99,hirdavat-el-aletleri-ve-oto
İzeltaş 10mm T Tipi Allen Anahtar,394.28,hirdavat-el-aletleri-ve-oto
İzeltaş 8mm T Tipi Allen Anahtar,261.07,hirdavat-el-aletleri-ve-oto
İzeltaş 16mm Allen Anahtar,466.82,hirdavat-el-aletleri-ve-oto
İzeltaş 17mm Allen Anahtar,503.57,hirdavat-el-aletleri-ve-oto
İzeltaş 19mm Allen Anahtar,622.05,hirdavat-el-aletleri-ve-oto
İzeltaş 4mm Allen Anahtar,32.89,hirdavat-el-aletleri-ve-oto
İzeltaş 8mm Allen Anahtar,72.73,hirdavat-el-aletleri-ve-oto
İzeltaş 15 İnç Kurbağacık,1794.38,hirdavat-el-aletleri-ve-oto
İzeltaş 10mm Allen Anahtar,110.25,hirdavat-el-aletleri-ve-oto
İzeltaş 24mm Cırcır Kombine Anahtar,1434.16,hirdavat-el-aletleri-ve-oto
İzeltaş 25x20 Çektirme İki Kollu,6703.02,hirdavat-el-aletleri-ve-oto
İzeltaş 11mm Cırcır Kombine Anahtar,470.46,hirdavat-el-aletleri-ve-oto
İzeltaş 12mm Cırcır Kombine Anahtar,509.89,hirdavat-el-aletleri-ve-oto
İzeltaş 15mm Cırcır Kombine Anahtar,596.4,hirdavat-el-aletleri-ve-oto
İzeltaş 16mm Cırcır Kombine Anahtar,682.72,hirdavat-el-aletleri-ve-oto
İzeltaş 19mm Cırcır Kombine Anahtar,832.4,hirdavat-el-aletleri-ve-oto
İzeltaş 21mm Cırcır Kombine Anahtar,1157.59,hirdavat-el-aletleri-ve-oto
İzeltaş 14x15mm İki Ağız Kısa Anahtar,100.29,hirdavat-el-aletleri-ve-oto
İzeltaş 21x23mm İki Ağız Kısa Anahtar,153.5,hirdavat-el-aletleri-ve-oto
İzeltaş 8mm Cırcır Kombine Anahtar,447.49,hirdavat-el-aletleri-ve-oto
İzeltaş 6x7mm İki Ağız Kısa Anahtar,70.82,hirdavat-el-aletleri-ve-oto
İzeltaş 12mm Kombine Kısa Anahtar,136.09,hirdavat-el-aletleri-ve-oto
İzeltaş 14mm Kombine Kısa Anahtar,149.87,hirdavat-el-aletleri-ve-oto
İzeltaş 15mm Kombine Kısa Anahtar,160.01,hirdavat-el-aletleri-ve-oto
İzeltaş 16mm Kombine Kısa Anahtar,171.88,hirdavat-el-aletleri-ve-oto
İzeltaş 7mm Kombine Kısa Anahtar,99.34,hirdavat-el-aletleri-ve-oto
İzeltaş 9mm Kombine Kısa Anahtar,110.25,hirdavat-el-aletleri-ve-oto
Ventilli Toz Maskesi,22.5,hirdavat-el-aletleri-ve-oto
Paraşüt Tipi Emniyet Kemeri Bel Destekli,724.9,hirdavat-el-aletleri-ve-oto
Best Gazaltı Kaynak Temizleyici GK-2000 Sprey,53.08,hirdavat-el-aletleri-ve-oto
Best Gazaltı Kaynak Temizleyici GK-1923 Sprey,66.64,hirdavat-el-aletleri-ve-oto
Best LU-2000 Kesme Yağı Sprey,64.13,hirdavat-el-aletleri-ve-oto
Best KalÄąp Koruyucu Sprey,59.52,hirdavat-el-aletleri-ve-oto
Best KalÄąp AyÄąrÄącÄą KA -2000 Sprey,76.89,hirdavat-el-aletleri-ve-oto
Emniyet Alan Perdesi 1x50mt,336.0,hirdavat-el-aletleri-ve-oto
Gezer SarÄą Lastik Ãizme,289.9,hirdavat-el-aletleri-ve-oto
Trafik Konisi Kedi GÃķz 50cm AÄÄąrlÄąklÄą,450.44,hirdavat-el-aletleri-ve-oto
Kaynak Maskesi Plastik,183.66,hirdavat-el-aletleri-ve-oto
İkaz Bandı Emniyet Şeridi Küçük 200mt,70.95,hirdavat-el-aletleri-ve-oto
Baret Enseden Ayarlı,76.33,hirdavat-el-aletleri-ve-oto
22″ Mega Master Takım Çantası,799.9,hirdavat-el-aletleri-ve-oto
Mega Mobil Takım Çantası,2499.9,hirdavat-el-aletleri-ve-oto
Hobi Boyası Mat 6034 Country Gri 120Cc,38.71,hobi-boyalari
Hobi Boyaları Tam Parlak 4027 Açık Lila 120Cc,41.93,hobi-boyalari
Hobi Boyası Tam Parlak 4024 Mor 120 Cc,45.03,hobi-boyalari
Hobi Boyası Tam Parlak 4032 Lacivert 120Cc,45.03,hobi-boyalari
Hobi Boyası Yarı Parlak 1027 Pudra Pembe 120Cc,28.23,hobi-boyalari
Hobi Boyası Yarı Parlak 1035 Mercan 120Cc,28.23,hobi-boyalari
Hobi Boyası Yarı Parlak 1072 Patine Yeşil 120Cc,28.23,hobi-boyalari
Hobi Boya Yarı Parlak 1069 Yosun Yeşili 120Cc,28.23,hobi-boyalari
Hobi Boyası Yarı Parlak 4017 Yavru Ağzı 120Cc,28.23,hobi-boyalari
Hobi Boyası Yarı Parlak 1057 Azur Mavi 120Cc,28.23,hobi-boyalari
Hobi Boyaları Tam Parlak 4037 Limon Küfü 120Cc,41.93,hobi-boyalari
Hobi Boyası Yarı Parlak 1067 Su 120Cc,28.23,hobi-boyalari
Taş Vernik 806 120Cc,48.39,hobi-boyalari
Hobi Boyaları Tam Parlak 4026 Menekşe 120Cc,41.93,hobi-boyalari
Hobi Boya Yarı Parlak 1014 Cıtrıne 120Cc,28.23,hobi-boyalari
Hobi Boyası Yarı Parlak 1079 Yağ Yeşili 120Cc,28.23,hobi-boyalari
Su Bazlı Vernik 801 Parlak 120Cc,32.26,hobi-boyalari
Hobi Boyası Yarı Parlak 1032 Turuncu 120Cc,28.23,hobi-boyalari
Hobi Boyası Yarı Parlak 1054 Şebnem Mavi 120Cc,28.23,hobi-boyalari
Hobi Boyası Yarı Parlak 1076 Çağla Yeşil 120Cc,28.23,hobi-boyalari
Poliüretan Köpük 600 Gr,104.9,insaat-malzemeleri
Onduline Alüminyum Folyolu Membran,3499.0,insaat-malzemeleri
Yeşil Kumlu Membran,1249.0,insaat-malzemeleri
Kırmızı Kumlu Membran,1249.0,insaat-malzemeleri
Keçeli P3000 Membran,1079.0,insaat-malzemeleri
İtek Yeni Model Doğalgaz Gaz Alarm Cihazı Kaçak Dedektörü,500.74,insaat-malzemeleri
Fırat Dublex 100x2000 Pimaş,383.76,insaat-malzemeleri
Fırat Dublex 100x3000 Pimaş,550.0,insaat-malzemeleri
Fırat Dublex 125x2000 Pimaş,490.8,insaat-malzemeleri
Fırat Pvc Çift Çatal 125x125,159.61,insaat-malzemeleri
Su Sayacı 3/4 İnç,1199.99,insaat-malzemeleri
Su Sayacı 1 İnç Rekorlu,4144.99,insaat-malzemeleri
İzocam Cam Yünü Çatı Şiltesi Folyolu,1054.9,insaat-malzemeleri
Permolit Permoyat Yat Verniği 15Lt,2489.01,insaat-malzemeleri
Permolit Süper Tavan Boyası 10Kg,520.9,insaat-malzemeleri
Permolit Süper Tavan Boyası 17.5Kg,729.99,insaat-malzemeleri
Permolit Permoyol Yol Çizgi Boyası Beyaz 3.5Kg,1292.94,insaat-malzemeleri
Permolit Permoyol Yol Çizgi Boyası Beyaz 20Kg,10260.96,insaat-malzemeleri
"Polisan Elegans Yarı Mat Extra İç Cephe Boyası 7,5L A Baz",1599.99,insaat-malzemeleri
"Polisan Elegans Yarı Mat Extra İç Cephe Boyası 2,5L A Baz",659.99,insaat-malzemeleri
Makel Elektronik Trifaze Sayaç,1599.0,insaat-malzemeleri
Fırat Dublex 87x125 Kapalı Dirsek,101.45,insaat-malzemeleri
Robot Kestirme Fırça No:3,69.9,insaat-malzemeleri
Saten Rulo 25cm,69.9,insaat-malzemeleri
Marshall Sil-Pak İç Cephe Beyaz BW 15Lt,2749.9,insaat-malzemeleri
MAKEL 4*25 K OTOMAT NÖTÜR KESİCİ,287.19,insaat-malzemeleri
Sista Silikon Kartuş Şeffaf 310ml,219.9,insaat-malzemeleri
10 MM HORTUM UÇ,30.66,insaat-malzemeleri
8 MM HORTUM UÇ,30.1,insaat-malzemeleri
1/4 ERKEK UÇ,39.89,insaat-malzemeleri
1/4 ERKEK GÖVDE,128.66,insaat-malzemeleri
8 MM HORTUM GÖVDE,56.14,insaat-malzemeleri
3/8 ERKEK GÖVDE,127.26,insaat-malzemeleri
SARI KUYRUKLU DİRSEK 1/2,85.82,insaat-malzemeleri
1/2 KOSE REKOR,55.47,insaat-malzemeleri
3/4 KOSE REKOR,74.01,insaat-malzemeleri
1 KOSE REKOR,92.57,insaat-malzemeleri
DOĞALGAZ KURESEL VANA 1,375.0,insaat-malzemeleri
KÜRESEL VAN. KELEBEK.DİŞİ 3/4,265.86,insaat-malzemeleri
KÜRESEL VAN.KEELBEK.DİŞİ 1/2,112.44,insaat-malzemeleri
KÜRESEL VAN.VANA KELBEK.DİŞİ 1,388.8,insaat-malzemeleri
YRD.ISI MINI VAN.16*2-1/2,189.9,insaat-malzemeleri
KÜRESEL VAN.MİNİ 1/2,84.0,insaat-malzemeleri
DOĞALGAZ VANASI 1 1/2 (50LİK),816.12,insaat-malzemeleri
DOĞALGAZ KURESEL VANA 2'',1249.99,insaat-malzemeleri
ECA KÜRESEL VANA 1/2,297.33,insaat-malzemeleri
ŞİBER VANA 3/4,224.9,insaat-malzemeleri
BASINÇ DÜŞÜRÜCÜ 1,1347.84,insaat-malzemeleri
BASINÇ DÜŞÜRÜCÜ 1/2,576.0,insaat-malzemeleri
SICAK SU SAATI K-3 3/4,1029.99,insaat-malzemeleri
Permolit Permosil Dış Cephe Beyaz Baz 20Kg,2797.54,insaat-malzemeleri
Permolit Permokapar İç Cephe Örtücü Astar 3.5Kg,228.16,insaat-malzemeleri
Saten Perdah Alçısı Beyaz 25kg,163.99,insaat-malzemeleri
Kalekim 1051 Seramik Yapıştırma Harcı Gri 25kg,299.9,insaat-malzemeleri
Parmak Rulo Yedeği 10cm,15.9,insaat-malzemeleri
1002-220V İkaz Kornası (Döküm),264.37,insaat-malzemeleri
Yağlı Boya Fırça No: 4,44.95,insaat-malzemeleri
Robot Kestirme Fırça No:4,79.9,insaat-malzemeleri
Kestirme Fırça No:3,31.95,insaat-malzemeleri
Onduline Oluklu Kırmızı Çatı Levhası 2 m²,439.9,insaat-malzemeleri
Fırat Dublex 45x125 Açık Dirsek,80.68,insaat-malzemeleri
Parke Süpürgelik 6cm Modern Meşe,64.9,insaat-malzemeleri
Fırat 45x40 Açık Dirsek Pprc,21.63,insaat-malzemeleri
Alçıpan Suya Dayanıklı Alçı Levha Yeşil 3m2,324.99,insaat-malzemeleri
Alçıpan Klasik Alçı Levha Beyaz 3m2,219.99,insaat-malzemeleri
Sista Poliüretan Köpük -750 ml,279.9,insaat-malzemeleri
Fırat Te 32 mm,16.21,insaat-malzemeleri
Fırat Te 25 mm,8.12,insaat-malzemeleri
Fırat Te 20 mm,5.81,insaat-malzemeleri
Fırat Pvc Tek Çatal 70x70,72.67,insaat-malzemeleri
Fırat Pvc Te Çatal 70x50,51.54,insaat-malzemeleri
Fırat Pvc Te Çatal 50x50,34.58,insaat-malzemeleri
Fırat Pvc Te Çatal 125x70,207.27,insaat-malzemeleri
Fırat Pvc Te Çatal 125x125,208.2,insaat-malzemeleri
Fırat Pvc Çift Çatal 50x50,59.93,insaat-malzemeleri
Fırat Pvc Çift Çatal 125x70,280.51,insaat-malzemeleri
Fırat Pvc Çift Çatal 125x50,222.53,insaat-malzemeleri
Fırat Pvc Çift Çatal 125x100,296.55,insaat-malzemeleri
Fırat Pvc Çift Çatal 100x70,194.85,insaat-malzemeleri
Fırat Pvc Çift Çatal 100x50,127.09,insaat-malzemeleri
Fırat Pvc Çift Çatal 100x100,206.31,insaat-malzemeleri
Fırat Manşon 32 mm,8.46,insaat-malzemeleri
Fırat Manşon 25 mm,4.41,insaat-malzemeleri
Fırat Manşon 20 mm,2.74,insaat-malzemeleri
Fırat Körtapa 50'lik,11.94,insaat-malzemeleri
Fırat Körtapa 25mm Pprc,2.6,insaat-malzemeleri
Fırat Körtapa 20mm Pprc,2.37,insaat-malzemeleri
Fırat Körtapa 150'lik,98.27,insaat-malzemeleri
Fırat Körtapa 125'lik,48.35,insaat-malzemeleri
Fırat Körtapa 100'lük,29.2,insaat-malzemeleri
Fırat Kompozit Beyaz PPRC Boru 32 mm (4m),374.33,insaat-malzemeleri
Fırat Kompozit Beyaz PPRC Boru 25 mm (4m),207.19,insaat-malzemeleri
Fırat Kompozit Beyaz PPRC Boru 20 mm (4m),141.47,insaat-malzemeleri
Fırat Kavis Manşonlu Köprü 25 mm,23.75,insaat-malzemeleri
Fırat Kavis Manşonlu Köprü 20 mm,15.05,insaat-malzemeleri
Fırat İç Dişli Te 32 mm,127.34,insaat-malzemeleri
Fırat İç Dişli Te 25 mm,57.36,insaat-malzemeleri
Fırat İç Dişli Te 20 mm,38.46,insaat-malzemeleri
Fırat İç Dişli Rekor 40 mm,192.12,insaat-malzemeleri
Fırat İç Dişli Rekor 32 mm,122.7,insaat-malzemeleri
Fırat İç Dişli Rekor 25 mm,46.94,insaat-malzemeleri
Fırat İç Dişli Rekor 20 mm,33.67,insaat-malzemeleri
Fırat İç Dişli Dirsek 40 mm,232.42,insaat-malzemeleri
Fırat İç Dişli Dirsek 32 mm,111.31,insaat-malzemeleri
Fırat İç Dişli Dirsek 20 mm,37.08,insaat-malzemeleri
Fırat Dublex 87x50 Kapalı Dirsek,18.92,insaat-malzemeleri
Fırat Dublex 87x100 Kapalı Dirsek,69.61,insaat-malzemeleri
Fırat Dublex 45x150 Açık Dirsek,155.61,insaat-malzemeleri
Fırat Dublex 45x100 Açık Dirsek,55.74,insaat-malzemeleri
Fırat Dublex 125x1000 Pimaş,254.27,insaat-malzemeleri
Fırat Dublex 100x500 Pimaş,121.63,insaat-malzemeleri
Fırat Dublex 100x1000 Pimaş,197.01,insaat-malzemeleri
Fırat Dış Dişli Te 25 mm,57.61,insaat-malzemeleri
Fırat Dış Dişli Te 20 mm,49.42,insaat-malzemeleri
Fırat Dış Dişli Rekor 32 mm,151.6,insaat-malzemeleri
Fırat Dış Dişli Rekor 25 mm,63.5,insaat-malzemeleri
Fırat Dış Dişli Rekor 20 mm,42.99,insaat-malzemeleri
FÄąrat DÄąĹ DiĹli Dirsek 32 mm,131.44,insaat-malzemeleri
FÄąrat DÄąĹ DiĹli Dirsek 25 mm,68.4,insaat-malzemeleri
FÄąrat DÄąĹ DiĹli Dirsek 20 mm,45.89,insaat-malzemeleri
FÄąrat Beyaz PPRC Boru 32 mm (4m),372.94,insaat-malzemeleri
FÄąrat Beyaz PPRC Boru 25 mm (4m),201.6,insaat-malzemeleri
FÄąrat Beyaz PPRC Boru 20 mm (4m),122.49,insaat-malzemeleri
FÄąrat 90x40 KapalÄą Dirsek Pprc,22.7,insaat-malzemeleri
FÄąrat 90x32 KapalÄą Dirsek Pprc,11.12,insaat-malzemeleri
FÄąrat 90x25 KapalÄą Dirsek Pprc,5.95,insaat-malzemeleri
FÄąrat 90x20 KapalÄą Dirsek Pprc,3.82,insaat-malzemeleri
FÄąrat 70 - 70 Kayar ManĹon,36.68,insaat-malzemeleri
FÄąrat 50 - 50 Kayar ManĹon,23.1,insaat-malzemeleri
FÄąrat 45x32 AĂ§Äąk Dirsek Pprc,12.35,insaat-malzemeleri
FÄąrat 45x25 AĂ§Äąk Dirsek Pprc,7.59,insaat-malzemeleri
FÄąrat 45x20 AĂ§Äąk Dirsek Pprc,5.24,insaat-malzemeleri
Fırat 125 - 125 Kayar Manşon,109.96,insaat-malzemeleri
Fırat 125 - 100 Redüksiyon,77.79,insaat-malzemeleri
Fırat 100 - 70 Redüksiyon,42.25,insaat-malzemeleri
Fırat 100 - 100 Kayar Manşon,65.95,insaat-malzemeleri
Fırat Dublex 45x70 Açık Dirsek,28.04,insaat-malzemeleri
Fırat Dublex 45x50 Açık Dirsek,16.11,insaat-malzemeleri
Fırat Dublex 125x500 Pimaş,75.02,insaat-malzemeleri
Fırat Dublex 125x3000 Pimaş,726.66,insaat-malzemeleri
Fosforlu Yelek - İkaz Yeleği,59.4,insaat-malzemeleri
Marshall Sil-Pak İç Cephe Beyaz BW 2.5Lt,918.72,insaat-malzemeleri
Marshall Sil-Pak İç Cephe Beyaz BW 7.5Lt,2323.8,insaat-malzemeleri
Marshall Özel Mat Silikonlu İç Cephe Beyaz BW 7.5Lt,2388.6,insaat-malzemeleri
Marshall Özel Mat Silikonlu İç Cephe Beyaz BW 2.5Lt,869.4,insaat-malzemeleri
Marshall Özel Mat Silikonlu İç Cephe Beyaz BW 15Lt,2249.0,insaat-malzemeleri
"30*60,Zeus,Cream,1,Kalite,(1PKT=1,44M²)",381.5,insaat-malzemeleri
"30*60 ZEUS SILVER  1.KALİTE (1PKT=1,44M²)",381.5,insaat-malzemeleri
"60*60 Angora Bone 1.Kalite (1PKT=1,44M²)",494.9,insaat-malzemeleri
"60*60 Integra Cream 1.Kalite (1PKT=1,44 M²)",494.9,insaat-malzemeleri
"60*120 Lava D.Gray 1.KALİTE (1PKT=1,44M²)",656.9,insaat-malzemeleri
Marshall Panel KapÄą BoyasÄą 2.5L Beyaz,1203.6,insaat-malzemeleri
Sentetik Tiner 2000 Ml,180.0,insaat-malzemeleri
Sentetik Tiner 1100 Ml,113.76,insaat-malzemeleri
Sentetik Tiner 250 Ml,60.48,insaat-malzemeleri
Marshall Enamel Sentetik Astar 15Lt,4003.8,insaat-malzemeleri
Montalama SÄąva Filesi,449.99,insaat-malzemeleri
Kartonpiyer AlÃ§ÄąsÄą Beyaz 30kg,105.99,insaat-malzemeleri
Permolit SÃžper Tavan BoyasÄą 3.5Kg,224.9,insaat-malzemeleri
Marshall Panel KapÄą BoyasÄą 1L Beyaz,563.4,insaat-malzemeleri
FÄąrat 70 - 50 RedÃžksiyon,25.13,insaat-malzemeleri
Hatfix Silikonize Mastik Gri Kahve Krem Siyah 500 Gr,49.9,insaat-malzemeleri
Ems Dubell Epoksi Kimyasal DÃžbel,194.9,insaat-malzemeleri
Tangit Sert Pvc YapÄąÅtÄąrÄącÄąsÄą 125 Gr,166.9,insaat-malzemeleri
Candan Su BasÄąnÃ§ RegÃžlatÃķrÃž 1/2 Ä°nÃ§,576.0,insaat-malzemeleri
Candan Su BasÄąnÃ§ RegÃžlatÃķrÃž 3/4 Ä°nÃ§,626.4,insaat-malzemeleri
Newkim  Seramik ÃstÃž Seramik YapÄąÅtÄąrma AstarÄą 5kg,549.72,insaat-malzemeleri
Newkim Seramik ÃstÃž Seramik YapÄąÅtÄąrma AstarÄą 1kg,148.47,insaat-malzemeleri
Koli BandÄą Åefaf 45MMx100MT,39.9,insaat-malzemeleri
Su SayaÃ§ Rekoru 3/4 Ä°nÃ§ TakÄąm  (2 Adet),94.9,insaat-malzemeleri
Åiber Vana 3/4 Ä°nÃ§,224.9,insaat-malzemeleri
AlÃ§Äąpan DÃžbeli 2mm (250Adet),142.8,insaat-malzemeleri
Kalekim 1055 Granit YapÄąÅtÄąrma HarcÄą Gri 25 Kg,612.9,insaat-malzemeleri
Burgulu AlÃ§Äąpan DÃžbeli,81.43,insaat-malzemeleri
El ArabasÄą Tekerlek Plastik,245.04,insaat-malzemeleri
KÃžrek SapÄą,121.5,insaat-malzemeleri
Permolit Permosil Ä°Ã§ Cephe Beyaz Baz 20Kg,1711.23,insaat-malzemeleri
Likit Membran BitĂĽm EsaslÄ± Solvent BazlÄ± Siyah,1003.13,insaat-malzemeleri
Permolit Permokorur Tik YaÄźÄ± 0.75Lt,379.56,insaat-malzemeleri
Permolit Permokorur Tik YaÄźÄ± 2.5Lt,1098.49,insaat-malzemeleri
Permolit Permoyat Yat VerniÄźi 0.75Lt,226.73,insaat-malzemeleri
Permolit Permoyat Yat VerniÄźi 2.5Lt,655.08,insaat-malzemeleri
Fawori Silikonlu Mat Ä°Ă§ Cephe Beyaz Baz 15Lt,1599.0,insaat-malzemeleri
Fawori Ä°deal Tavan BoyasÄ± 17.5Kg,412.39,insaat-malzemeleri
Permolit Permosil Ä°Ă§ Cephe Beyaz Baz 3.5Kg,472.13,insaat-malzemeleri
Permolit Permosil Ä°Ă§ Cephe Beyaz Baz 10Kg,949.25,insaat-malzemeleri
Permolit Permosil Dış Cephe Beyaz Baz 10Kg,1376.16,insaat-malzemeleri
Permolit Permosil Dış Cephe Beyaz Baz 3.5Kg,527.36,insaat-malzemeleri
Permolit Permo Enamel Sentetik Siyah 2.5Lt,699.99,insaat-malzemeleri
Permolit Permo Enamel Sentetik Beyaz 15Lt,3859.44,insaat-malzemeleri
Permolit Permo Enamel Sentetik Fırtına 15Lt,3859.44,insaat-malzemeleri
Permolit Permo Enamel Sentetik Siyah 15Lt,3859.44,insaat-malzemeleri
Permolit Permo Enamel Sentetik Boncuk Mavi 15Lt,3859.44,insaat-malzemeleri
Permolit Permo Enamel Sentetik Boncuk Mavi 2.5Lt,699.99,insaat-malzemeleri
Permolit Permo Enamel Sentetik Fırtına 2.5Lt,699.99,insaat-malzemeleri
Permolit Permo Enamel Sentetik Gümüş 2.5Lt,699.99,insaat-malzemeleri
Permolit Permo Enamel Sentetik Koyu Kahve 2.5Lt,699.99,insaat-malzemeleri
Permolit Permo Enamel Sentetik Kurşuni 2.5Lt,699.99,insaat-malzemeleri
Permolit Permo Enamel Sentetik Lacivert 2.5Lt,699.99,insaat-malzemeleri
Permolit Permo Enamel Sentetik Nefti Yeşil 2.5Lt,699.99,insaat-malzemeleri
Permolit Permo Enamel Sentetik Beyaz 2.5Lt,699.99,insaat-malzemeleri
Permolit Permo Enamel Sentetik Krem 2.5Lt,699.99,insaat-malzemeleri
Permolit Permo Enamel Sentetik Lacivert 0.75Lt,272.65,insaat-malzemeleri
Permolit Permo Enamel Sentetik Nefti Yeşil 0.75Lt,272.65,insaat-malzemeleri
Alçıpan Tavan U Profil 1Boy/3mt,37.82,insaat-malzemeleri
Permolit Permo Enamel Sentetik Açık Kahve 2.5Lt,699.99,insaat-malzemeleri
Alçıpan Duvar U50 Profil 1Boy/3mt,74.64,insaat-malzemeleri
Alçıpan Duvar U75 Profil 1Boy/3mt,91.89,insaat-malzemeleri
Alçı Köşebent Profili 1Boy/2.70mt,17.14,insaat-malzemeleri
Permolit Permo Enamel Sentetik Bayrak Kırmızı 2.5Lt,699.99,insaat-malzemeleri
Alçı Köşebent Profili Baklava Dilimli 1Boy/2.70mt,19.44,insaat-malzemeleri
MAX-EXTRA MX7800 Boya ve Harç Mikseri,2556.0,insaat-malzemeleri
Permolit Permo Enamel Sentetik Siyah 0.75Lt,272.65,insaat-malzemeleri
Alçıpan Duvar C50 Profil 1Boy/3mt,76.94,insaat-malzemeleri
Permolit Permo Enamel Sentetik Açık Kahve 0.75Lt,272.65,insaat-malzemeleri
Permolit Permo Enamel Sentetik Bayrak Kırmızı 0.75Lt,272.65,insaat-malzemeleri
AlĂ§Äąpan Duvar C75 Profil 1Boy/3mt,120.64,insaat-malzemeleri
Permolit Permo Enamel Sentetik Boncuk Mavi 0.75Lt,272.65,insaat-malzemeleri
Permolit Permo Enamel Sentetik FÄąrtÄąna 0.75Lt,272.65,insaat-malzemeleri
Permolit Permo Enamel Sentetik GĂźmĂźĹ 0.75Lt,272.65,insaat-malzemeleri
AlĂ§Äąpan Tavan C Profil 1Boy/3mt,75.77,insaat-malzemeleri
Permolit Duvart Sedef Boya GĂźmĂźĹ 2.5Lt,796.43,insaat-malzemeleri
Permolit Duvart Sedef Boya GĂźmĂźĹ 15Lt,4030.91,insaat-malzemeleri
Permolit Duvart Sedef Boya AltÄąn 0.75Lt,355.68,insaat-malzemeleri
Permolit Duvart Sedef Boya AltÄąn 2.5Lt,796.43,insaat-malzemeleri
Permolit Duvart Sedef Boya AltÄąn 15Lt,4030.91,insaat-malzemeleri
Permolit Permo Enamel Sentetik Beyaz 0.75Lt,272.65,insaat-malzemeleri
Permolit Permo Enamel Sentetik Krem 0.75Lt,272.65,insaat-malzemeleri
Permolit Permokapar Ä°Ă§ Cephe ĂrtĂźcĂź Astar 20Kg,1051.14,insaat-malzemeleri
Permolit Permokapar Silikonlu DÄąĹ Cephe AstarÄą 3.5Kg,279.11,insaat-malzemeleri
Permolit Permokapar Silikonlu DÄąĹ Cephe AstarÄą 20Kg,1282.18,insaat-malzemeleri
Permolit Duvart Sedef Boya GÃžmÃžÅ 0.75Lt,355.68,insaat-malzemeleri
Ventilli Toz Maskesi,22.5,insaat-malzemeleri
Permolit Permoset Ä°Ã§ DÄąÅ DÃķnÃžÅÃžm AstarÄą 10Kg,761.99,insaat-malzemeleri
Permolit Permoset Ä°Ã§ DÄąÅ DÃķnÃžÅÃžm AstarÄą 20Kg,1533.99,insaat-malzemeleri
Permolit Sentetik Antipas Gri 0.75Lt,269.06,insaat-malzemeleri
Permolit Sentetik Antipas Gri 2.5Lt,774.9,insaat-malzemeleri
Permolit Sentetik Antipas Gri 15Lt,3924.73,insaat-malzemeleri
Permolit Permobinder Astar 1Lt,159.29,insaat-malzemeleri
Permolit Permobinder Astar 15Lt,1566.3,insaat-malzemeleri
Permolit Permokapar Ä°Ã§ Cephe ÃrtÃžcÃž Astar 10Kg,578.3,insaat-malzemeleri
Marshall Tavan BoyasÄą 2.5Lt,279.6,insaat-malzemeleri
Marshall Tavan BoyasÄą 10.5Lt,962.02,insaat-malzemeleri
Marshall Maximum Ä°Ã§ Cephe Beyaz BW 15Lt,2490.0,insaat-malzemeleri
Marshall Maximum İç Cephe Beyaz BW 7.5Lt,1948.8,insaat-malzemeleri
AGT Bella Laminat Parke 8mm Frezya 1Paket/2.316m2,625.09,insaat-malzemeleri
AGT Bella Laminat Parke 8mm Mimoza 1Paket/2.316m2,625.09,insaat-malzemeleri
Marshall Maximum İç Cephe Beyaz BW 2.5Lt,710.4,insaat-malzemeleri
Parke Köpük Şilte Levha 3mm 1Paket/50m2,1218.69,insaat-malzemeleri
Parke Süpürgelik 8cm Fildişi,97.25,insaat-malzemeleri
"Parke Şiltesi 1,8mm Polietilen 1Paket/50m2",343.66,insaat-malzemeleri
Marshall Saten Alçı Astarı 15Lt,1959.6,insaat-malzemeleri
Marshall Geçiş Astarı 2.5Lt,585.42,insaat-malzemeleri
Marshall Geçiş Astarı 7.5Lt,1479.72,insaat-malzemeleri
Marshall Geçiş Astarı 15Lt,2815.56,insaat-malzemeleri
Marshall İzolasyon Astarı 2.5Lt,508.14,insaat-malzemeleri
Marshall İzolasyon Astarı 7.5Lt,1323.0,insaat-malzemeleri
Marshall Ä°zolasyon AstarÄą 15Lt,2454.3,insaat-malzemeleri
Marshall Saten AlÃ§Äą AstarÄą 4Lt,729.56,insaat-malzemeleri
Marshall Enamel Parlak Boncuk Mavi 0.75Lt,422.4,insaat-malzemeleri
Marshall Enamel Parlak Boncuk Mavi 2.5Lt,1173.0,insaat-malzemeleri
Marshall Enamel Parlak FÄąrtÄąna 0.75Lt,422.4,insaat-malzemeleri
Marshall Enamel Parlak FÄąrtÄąna 2.5Lt,1290.3,insaat-malzemeleri
Marshall Enamel Parlak GÃžmÃžÅ 0.75Lt,422.4,insaat-malzemeleri
Marshall Enamel Parlak GÃžmÃžÅ 2.5Lt,1173.0,insaat-malzemeleri
Marshall Enamel Parlak Koyu Kahve 0.75Lt,464.64,insaat-malzemeleri
Marshall Enamel Parlak Koyu Kahve 2.5Lt,1290.3,insaat-malzemeleri
Marshall Enamel Parlak Nefti YeÅil 0.75Lt,422.4,insaat-malzemeleri
Marshall Enamel Parlak Nefti YeÅil 2.5Lt,1173.0,insaat-malzemeleri
Marshall Luxe Parlak Beyaz 2.5Lt,1342.8,insaat-malzemeleri
Marshall Enamel Sentetik Astar 0.75Lt,267.0,insaat-malzemeleri
Marshall Enamel Sentetik Astar 2.5Lt,657.6,insaat-malzemeleri
Marshall DÄ±Ĺź Cephe Macunu 4.5Kg,374.4,insaat-malzemeleri
Marshall Enamel Parlak AĂ§Ä±k Kahve 0.75Lt,422.4,insaat-malzemeleri
Marshall Enamel Parlak AĂ§Ä±k Kahve 2.5Lt,1173.0,insaat-malzemeleri
Marshall Enamel Parlak Bayrak KÄ±rmÄ±zÄ± 0.75Lt,422.4,insaat-malzemeleri
Marshall Enamel Parlak Bayrak KÄ±rmÄ±zÄ± 2.5Lt,1173.0,insaat-malzemeleri
Marshall Enamel Parlak Kum Beji 2.5Lt,1173.0,insaat-malzemeleri
Marshall Enamel Parlak Siyah 0.75Lt,422.4,insaat-malzemeleri
Kalekim 2261 Ultra Fuga Derz Dolgu Bahama Bej 20kg,729.9,insaat-malzemeleri
Marshall Enamel Parlak Siyah 15Lt,6154.8,insaat-malzemeleri
Kalekim 2279 Ultra Fuga Derz Dolgu Gri 20kg,569.9,insaat-malzemeleri
Marshall Enamel Parlak Siyah 2.5Lt,1173.0,insaat-malzemeleri
Kalekim 2282 Ultra Fuga Derz Dolgu Siyah  20kg,854.9,insaat-malzemeleri
Marshall Luxe Parlak Siyah 0.75Lt,528.0,insaat-malzemeleri
Marshall Luxe Parlak Siyah 2.5Lt,1342.8,insaat-malzemeleri
Marshall Luxe Parlak Beyaz 0.75Lt,528.0,insaat-malzemeleri
Marshall Enamel Parlak Beyaz 0.75Lt,422.4,insaat-malzemeleri
Kalekim 2251 Ultra Fuga Derz Dolgu Beyaz 20kg,479.9,insaat-malzemeleri
Marshall Enamel Parlak Beyaz 15Lt,6770.28,insaat-malzemeleri
Marshall Enamel Parlak Beyaz 2.5Lt,1290.3,insaat-malzemeleri
Kalekim 2252 Ultra Fuga Derz Dolgu Kapadokya Krem 20kg,729.9,insaat-malzemeleri
Kalekim 2253 Ultra Fuga Derz Dolgu Kapadokya Bej 20kg,729.9,insaat-malzemeleri
Marshall Enamel Parlak Kirli Beyaz 0.75Lt,422.4,insaat-malzemeleri
Marshall Enamel Parlak Kirli Beyaz 2.5Lt,1173.0,insaat-malzemeleri
Marshall Enamel Parlak Kum Beji 0.75Lt,422.4,insaat-malzemeleri
Kalekim 2200/2151 Fuga Derz Dolgu Beyaz 20kg,429.9,insaat-malzemeleri
Marshall Enamel Antipas Gri 0.75Lt,253.8,insaat-malzemeleri
Marshall Enamel Antipas Gri 15Lt,4057.2,insaat-malzemeleri
Marshall Enamel Antipas Gri 2.5Lt,675.0,insaat-malzemeleri
Yağlı Boya Fırça No: 1,22.5,insaat-malzemeleri
Yağlı Boya Fırça No: 2,33.5,insaat-malzemeleri
Yağlı Boya Fırça No: 3,39.7,insaat-malzemeleri
Mytol BH65 Hava Kompresörü 100Lt,15839.9,insaat-malzemeleri
Fırat Pvc Te Çatal 70x70,65.2,insaat-malzemeleri
Fırat Pvc Te Çatal 100x100,115.91,insaat-malzemeleri
Fırat Pvc Te Çatal 100x50,75.97,insaat-malzemeleri
Fırat Pvc Te Çatal 100x70,105.56,insaat-malzemeleri
Fırat Pvc Te Çatal 125x100,179.57,insaat-malzemeleri
Fırat Pvc Çift Çatal 70x70,132.34,insaat-malzemeleri
Fırat Pvc Çift Çatal 70x50,85.17,insaat-malzemeleri
Fırat Pvc Tek Çatal 50x50,32.53,insaat-malzemeleri
FÄąrat Pvc Tek Ăatal 70x50,48.66,insaat-malzemeleri
FÄąrat Pvc Tek Ăatal 125x100,191.17,insaat-malzemeleri
FÄąrat Pvc Tek Ăatal 125x125,231.64,insaat-malzemeleri
FÄąrat Pvc Tek Ăatal 125x50,152.53,insaat-malzemeleri
FÄąrat Pvc Tek Ăatal 125x70,161.94,insaat-malzemeleri
FÄąrat Beyaz PPRC Boru 40 mm (4m),547.05,insaat-malzemeleri
FÄąrat Kompozit Beyaz PPRC Boru 40 mm (4m),569.9,insaat-malzemeleri
FÄąrat Pvc Tek Ăatal 100x100,133.71,insaat-malzemeleri
FÄąrat Pvc Tek Ăatal 100x50,77.37,insaat-malzemeleri
FÄąrat Pvc Tek Ăatal 100x70,107.87,insaat-malzemeleri
FÄąrat ManĹon 40 mm,13.93,insaat-malzemeleri
FÄąrat Te 40 mm,26.97,insaat-malzemeleri
FÄąrat Ä°Ă§ DiĹli Dirsek 25 mm,51.08,insaat-malzemeleri
FÄąrat Ä°Ă§ DiĹli KulaklÄą Dirsek 20 mm,38.98,insaat-malzemeleri
FÄąrat DÄąĹ DiĹli Dirsek 40 mm,293.76,insaat-malzemeleri
Fırat Dış Dişli Rekor 40 mm,249.16,insaat-malzemeleri
Makita HS7601 Sunta Kesme 190mm,8018.52,insaat-malzemeleri
Fırat Dublex 87x70 Kapalı Dirsek,36.35,insaat-malzemeleri
Makita HR2470 Kırıcı Delici Matkap,8999.0,insaat-malzemeleri
Makita GA4530R Avuç Taşlama,3899.9,insaat-malzemeleri
Körtapa 70'lik,21.48,insaat-malzemeleri
Fırat Dublex 125x250 Pimaş,105.53,insaat-malzemeleri
Makel Kaçak Akım Rölesi 3x40 30mA,803.88,insaat-malzemeleri
Newkim Seramik Üstü Seramik Yapıştırma Astarı 3kg,389.22,insaat-malzemeleri
Fırat Dublex 100x250 Pimaş,79.81,insaat-malzemeleri
Newkim Kendinden Yayılan Tesviye Şapı 25 kg,388.82,insaat-malzemeleri
Newkim Granit Seramik Yapıştırma Harcı Beyaz 25kg,250.47,insaat-malzemeleri
Newkim Granit Seramik Yapıştırma Harcı Gri 25kg,253.76,insaat-malzemeleri
Newkim Kuvars Agregalı Yüzey Sertleştirici Kırmızı 25kg,245.57,insaat-malzemeleri
Strafor 4cm Gri Levha,682.96,insaat-malzemeleri
Ondilin Çatı çivisi 10'luk /400Adet,420.0,insaat-malzemeleri
Pvc Oluklu Ondilin Şefaf/Sarı,533.88,insaat-malzemeleri
Şeffaf Çatı Kapağı (Ondulıne uyumlu),974.9,insaat-malzemeleri
Bonuspan 1cm XPS,1577.88,insaat-malzemeleri
Bonuspan 2cm XPS,1259.99,insaat-malzemeleri
Bonuspan 3cm XPS,1139.99,insaat-malzemeleri
Strafor 3cm Gri Levha,682.96,insaat-malzemeleri
Strafor 2cm Beyaz Levha,393.16,insaat-malzemeleri
Strafor 3cm Beyaz Levha,393.16,insaat-malzemeleri
Strafor 2cm Gri Levha,717.46,insaat-malzemeleri
İzocam Cam Yünü Çatı Şiltesi,614.9,insaat-malzemeleri
"Taş Yünü 40Kg 5Cm (5,76 M²)",859.9,insaat-malzemeleri
"Ytong Gazbeton 13,5'luk",66.9,insaat-malzemeleri
Ytong Gazbeton 15'lik,74.9,insaat-malzemeleri
"Ytong Gazbeton 8,5'luk",41.99,insaat-malzemeleri
Ytong Gazbeton 10'luk,49.9,insaat-malzemeleri
Kavis Düz Köprü 20'lik,13.61,insaat-malzemeleri
Kavis Düz Köprü 25'lik,22.24,insaat-malzemeleri
Kavis Düz Köprü 32'lik,46.13,insaat-malzemeleri
RTRMAX RTM385 Daire Testere,5867.77,insaat-malzemeleri
Rtrmax RTM226 ElektropnÃķmatik KÄąrÄącÄą Delici Matkap 800W,3790.8,insaat-malzemeleri
RTRMAX RTM3793 AlÃ§Äąpan Duvar ZÄąmparalama Makinesi,8515.9,insaat-malzemeleri
Dekor Eksport Rulo 25cm - 1181,203.58,insaat-malzemeleri
Dekor Plasdek Rulo 25 cm - 1017,203.58,insaat-malzemeleri
Dekor SÃžper LÃžks Rulo 25 cm -1003,203.58,insaat-malzemeleri
Dekor Eksport Parmak Rulo 10 cm -1084,65.35,insaat-malzemeleri
Newkim Fayans Seramik YapÄąÅtÄąrma HarcÄą 25 kg Gri,149.79,insaat-malzemeleri
Newkim Gaz Beton ÃrgÃž HarcÄą 25 kg,159.62,insaat-malzemeleri
Newkim IsÄą YalÄątÄąm Levha SÄąvama HarcÄą 25 kg,151.43,insaat-malzemeleri
Newkim Isı Yalıtım Lehva Yapıştırma Harcı 25 kg,149.79,insaat-malzemeleri
Newkim Dekoratif Sıva - Mineral Dokulu (Orta) 25 kg,203.0,insaat-malzemeleri
Saten Rulo 20cm,64.9,insaat-malzemeleri
Maskeleme Bant 4cm x 25mt (48 MM ),27.9,insaat-malzemeleri
Maskeleme Bant 3cm x 25mt (36 MM ),14.9,insaat-malzemeleri
Dekor Plasdek Rulo 20 cm - 1015,179.9,insaat-malzemeleri
Kestirme Fırça No: 1,21.25,insaat-malzemeleri
Kestirme Fırça No:2,25.25,insaat-malzemeleri
Kestirme Fırça No:4,39.9,insaat-malzemeleri
Parmak Rulo Mini Saplı 10cm,30.5,insaat-malzemeleri
Mineflo 200cm Tüm Renkler,534.9,insaat-malzemeleri
Ahşap Saplı Kestirme Fırça No:3,64.9,insaat-malzemeleri
Ahşap Saplı Kestirme Fırça No:4,76.9,insaat-malzemeleri
Kalın Boya ve Zemin Örtüsü 32m²,36.65,insaat-malzemeleri
Kalın Boya ve Zemin Örtüsü 10m²,39.9,insaat-malzemeleri
Kalın Boya ve Zemin Örtüsü 20 m²,63.18,insaat-malzemeleri
Kalın Boya ve Zemin Örtüsü 50m²,63.18,insaat-malzemeleri
Hışır Boya ve Zemin Koruyucu Örtü 20 m²,43.17,insaat-malzemeleri
Hışır Boya ve Zemin Koruyucu Örtü 32 m²,53.37,insaat-malzemeleri
Hışır Boya ve Zemin Koruyucu Örtü 50 m²,90.55,insaat-malzemeleri
Sista Akvaryum Silikon Şeffaf 310ml,249.9,insaat-malzemeleri
Kalekim 4082 Dekoratif Sıva 25kg,389.9,insaat-malzemeleri
Kalekim 4057 Sıva Harcı 25kg,329.9,insaat-malzemeleri
Kalekim 1057 Sıva Yapıştırma Harcı 25kg,289.9,insaat-malzemeleri
Kalekim 1055 Granit Yapıştırma Harcı Beyaz 25kg,743.9,insaat-malzemeleri
Kalekim 1052 Seramik Yapıştırma Harcı Beyaz 25kg,362.9,insaat-malzemeleri
1 İnç Kendinden Vanalı 5'li Kollektör,949.5,isitma-ve-sogutma
End 56'' 3 Kanatlı Tavan Vantilatörü,2499.99,isitma-ve-sogutma
1/2 İnç Radyatör Vanası Pex Düz,285.9,isitma-ve-sogutma
Eca Beyaz Havlupan 500x1100 mm,2403.39,isitma-ve-sogutma
Eca Panel Radyatör 600x900,2595.99,isitma-ve-sogutma
Eca Panel Radyatör 600x800,2307.99,isitma-ve-sogutma
Eca Panel Radyatör 600x1400,3828.99,isitma-ve-sogutma
Eca Panel Radyatör 600x1200,3197.99,isitma-ve-sogutma
Eca Panel Radyatör 600x1000,2579.0,isitma-ve-sogutma
Eca Panel Radyatör 600x1500,4101.99,isitma-ve-sogutma
Eca Panel Radyatör 600x1600,4235.99,isitma-ve-sogutma
Dlüx 600x1200 Panel Radyatör,2520.0,isitma-ve-sogutma
Dlüx 600x1100 Panel Radyatör,2309.99,isitma-ve-sogutma
Dlüx 600x1000 Panel Radyatör,1925.0,isitma-ve-sogutma
Dlüx 600x1300 Panel Radyatör,2606.98,isitma-ve-sogutma
Dlüx 600x2000 Panel Radyatör,4010.72,isitma-ve-sogutma
Dlüx 600x1800 Panel Radyatör,3609.65,isitma-ve-sogutma
Dlüx 600x1600 Panel Radyatör,3208.58,isitma-ve-sogutma
Dlüx 600x1500 Panel Radyatör,3008.04,isitma-ve-sogutma
Dlüx 600x1400 Panel Radyatör,2807.51,isitma-ve-sogutma
Dlüx 600x500 Panel Radyatör,1190.04,isitma-ve-sogutma
Dlüx 600x600 Panel Radyatör,1350.46,isitma-ve-sogutma
Dlüx 600x700 Panel Radyatör,1575.55,isitma-ve-sogutma
Dlüx 600x800 Panel Radyatör,1610.14,isitma-ve-sogutma
Dlüx 600x900 Panel Radyatör,1890.0,isitma-ve-sogutma
Eca Panel Radyatör 600x500,1643.61,isitma-ve-sogutma
Eca Panel Radyatör 600x600,1805.76,isitma-ve-sogutma
Eca Panel Radyatör 600x700,2219.99,isitma-ve-sogutma
Kapı Altı Rüzgar Önleyici Isı Tut Yalıtım Köpüğü,23.0,isitma-ve-sogutma
Bayersan Elektrikli Soba No2 3001 1800W,999.9,isitma-ve-sogutma
Fırat Mobil Sistem Borusu Oksijen Bariyersiz (100m),2540.79,isitma-ve-sogutma
Havlupan 50x70 Krom,1499.9,isitma-ve-sogutma
Havlupan 50x70 Beyaz,764.9,isitma-ve-sogutma
Havlupan 50x110 Krom,2249.9,isitma-ve-sogutma
Havlupan 50x110 Beyaz,934.9,isitma-ve-sogutma
Kollektör Dolabı 40x60x11,626.89,isitma-ve-sogutma
Kollektör Dolabı 60x60x11,1105.0,isitma-ve-sogutma
EMS Force Boru Sızdırmazlık Elemanı 50Ml,164.9,isitma-ve-sogutma
EMS Force Boru Sızdırmazlık Elemanı 250Ml,324.9,isitma-ve-sogutma
1/2 İnç Radyatör Vanası Köşeli,158.9,isitma-ve-sogutma
1/2 İnç Radyatör Vanası Pex Köşeli,174.9,isitma-ve-sogutma
1/2 İnç Radyatör Vanası Düz,228.99,isitma-ve-sogutma
1 İnç Kollektör Kelepçesi Metal,51.84,isitma-ve-sogutma
1 İnç Kendinden Vanalı 4'lü Kollektör,759.6,isitma-ve-sogutma
1 İnç Kendinden Vanalı 6'lı Kollektör,1139.4,isitma-ve-sogutma
1 İnç Kendinden Vanalı 7'li Kollektör,1329.3,isitma-ve-sogutma
1 İnç Kendinden Vanalı 8'li Kollektör,1519.2,isitma-ve-sogutma
Eca 1/2 İnç Radyatör Vanası Köşeli,289.9,isitma-ve-sogutma
Eca 1/2 İnç Radyatör Vanası Pex Köşeli,396.83,isitma-ve-sogutma
Vantilatör MCS,869.0,isitma-ve-sogutma
Eca Beyaz Havlupan 500x688 mm,1759.56,isitma-ve-sogutma
Eca Krom Havlupan 500x1000 mm,3636.6,isitma-ve-sogutma
Eca Krom Havlupan 500x688 mm,2672.89,isitma-ve-sogutma
KatlanÄ±r Kamp  Sandalyesi,419.89,kamp-kapcilik-malzemeleri
Sinbo SHD-7042 Saç Düzleştirici,549.9,kisisel-bakim-setleri
Bee Home AK 611 Makyaj Organizeri,242.99,kisisel-bakim-setleri
İdeal Baby Çok Amaçlı Kilit,19.9,mobilya
İdeal Baby Köşe Kilidi,14.84,mobilya
Nobel Badem Nikel Saten Yale Kapı Kolu,232.01,mobilya
Nobel Noktalı Askılık,17.98,mobilya
Asos Profil Sandalye,354.9,mobilya
Fileli Sekreter Koltuğu,1030.95,mobilya
"Selectron 5,5 X 60 T-6 MUV",119.35,mobilya
Selectron 6 X 40 SNT YHB,91.92,mobilya
"Selectron 4,5 X 20 SNT YHB",58.77,mobilya
"Selectron 4,5 X 25 SNT YHB",68.05,mobilya
"Selectron 4,5 X 30 SNT YHB",80.79,mobilya
Selectron 5 X 20 SNT YHB,65.26,mobilya
Selectron 5 X 30 SNT YHB,89.97,mobilya
"Selectron 4,0 X 18 SNT YHB",76.76,mobilya
"Selectron 3,0 X 20 SNT YHB",54.82,mobilya
"Selectron 3,0 X 25 SNT YHB",70.26,mobilya
Mikroline Aspiratör Beyaz,1649.89,mutfak
İtek Yeni Model Doğalgaz Gaz Alarm Cihazı Kaçak Dedektörü,500.74,mutfak
Sinbo Scm-2963 Filtre Kahve Makinesi,559.88,mutfak
Alveus MFA 604 Ankastre Fırın Beyaz - Siyah,3277.36,mutfak
Alveus MFA 614 Ankastre Fırın,4103.15,mutfak
Sinbo STO  6712 Kollu Narenciye Sıkacağı,414.99,mutfak
Sinbo Scm-2934 Kahve Öğütme Makinesi Siyah,448.69,mutfak
Sinbo STM-5830 Elektrikli Çay Seti,999.0,mutfak
Sinbo Shb-3102 El Blenderi Beyaz,621.0,mutfak
Ankastre Mutfak Evyesi 100 x 50 SaÄ,3799.9,mutfak
ÄḞdeal Baby Ãok AmaÃ§lÄḟ Kilit,19.9,mutfak
ÄḞdeal Baby KÃ¶Åe Koruyucu (Cam ve Raf),14.84,mutfak
ÄḞdeal Baby KÃ¶Åe Koruyucu,14.83,mutfak
ÄḞdeal Baby RaylÄḟ Dolap Kilidi,14.84,mutfak
ÄḞdeal Baby KÃ¶Åe Kilidi,14.84,mutfak
P.Sinbo 7371 AraÃ§ ÄḞÃ§i Su IsÄḟtÄḟcÄḟ,812.5,mutfak
Sinbo SBG-7102 Elektrikli Izgara,1199.0,mutfak
P. SİNBO SBG 7102 ELEKTRİKLİ IZGARA,849.9,mutfak
Sinbo 7338 Cam Su Isıtıcı,300.0,mutfak
Kapı Altı Rüzgar Önleyici Isı Tut Yalıtım Köpüğü,23.0,mutfak
AKAY BAMBU LÜX KIZARM. KAŞIĞI,3749.9,mutfak
AKAY BAMBU LÜX SERVİS MAKARNA KAŞĞ.,44.46,mutfak
PUNTO ÇEVİRİCİ,18.65,mutfak
Automix Termos Çanta 42 Lt,553.12,mutfak
Akay Katlanır Kesim Panosu,138.43,mutfak
Dökaç 500 Gr,40.5,mutfak
Üso Armoni Siyah Mix Kuğu Eviye Bataryası,3372.86,mutfak
Sinbo 3048 Cam Hazneli Doğrayıcı,899.9,mutfak
Alveus Karbon Filtre (2 Adet),42.49,mutfak
Mix Eviye Bataryası,724.9,mutfak
Doğalgaz Havalandırma Cam Menfez,39.9,mutfak
Ayarlı Mutfak Evye Boru Başlığı (Spiral),134.9,mutfak
Eca Delta Eviye Bataryası,6899.0,mutfak
"Eca Zafir Eviye Bataryası, Kuğu Borulu",4099.0,mutfak
Eca Pınar Eviye Bataryası Çevirmeli,3699.0,mutfak
Ankastre Mutfak Evyesi 78 x 48 Sağ,2419.9,mutfak
Ankastre Mutfak Evyesi 78 x 50,1320.0,mutfak
"Ankastre Mutfak Evyesi 86 x 43,5 Sağ",1399.9,mutfak
Tezgah Altı Mutfak Evyesi C-38,789.6,mutfak
Tezgah Altı Mutfak Evyesi C-40,1149.9,mutfak
Tezgah Altı Mutfak Evyesi 38x48,1499.9,mutfak
Tezgah Altı Mutfak Evyesi 39x39,1399.9,mutfak
PASLANMAZ PEDALLI ÇÖP 12 LT,461.5,temizlik
